head,relation,tail
李斯,字,通古
李斯,所处时代,秦
李斯,籍贯,楚国上蔡(今河南上蔡西)
李斯,擅长书体,小篆
李斯,受其影响,崔瑗
李斯,受其影响,李阳冰
李斯,受其影响,邓石如
李斯,受其影响,钱坫
李斯,受其影响,王澍
程邈,字,元岑
程邈,所处时代,秦
程邈,籍贯,下邽(今陕西渭南东北)或下杜(今西安南)
程邈,擅长书体,隶书
史游,所处时代,西汉
史游,擅长书体,章草
王次仲,所处时代,东汉（一说秦代）
王次仲,籍贯,上谷(今河北怀来东南)
崔瑗,字,子玉
崔瑗,所处时代,东汉
崔瑗,籍贯,涿郡安平(今河北安平)
崔瑗,擅长书体,章草
崔瑗,擅长书体,小篆
崔瑗,师承,杜度
崔瑗,师承,李斯
崔瑗,受其影响,张芝
曹喜,字,仲则
曹喜,所处时代,东汉
曹喜,籍贯,扶风平陵(今陕西咸阳东北)
曹喜,擅长书体,悬针篆
曹喜,擅长书体,垂露篆
曹喜,受其影响,邯郸淳
曹喜,受其影响,蔡邕
杜度,字,伯度
杜度,所处时代,东汉
杜度,籍贯,京兆(今陕西西安)
杜度,擅长书体,章草
杜度,受其影响,崔瑗
杜度,受其影响,张芝
杜度,受其影响,皇象
师宜宫,所处时代,东汉
师宜宫,籍贯,南阳(今属河南)
师宜宫,受其影响,梁鹄
刘德昇,字,君嗣
刘德昇,所处时代,东汉
刘德昇,籍贯,颍川(今河南禹县)
刘德昇,擅长书体,行书
刘德昇,受其影响,胡昭
梁鹄,字,孟皇
梁鹄,所处时代,东汉
梁鹄,籍贯,安定乌氏(今甘肃平凉西北)
梁鹄,擅长书体,隶书
梁鹄,师承,师宜官
张芝,字,伯英
张芝,所处时代,东汉
张芝,籍贯,敦煌酒泉(今甘肃酒泉)
张芝,擅长书体,章草
张芝,擅长书体,隶书
张芝,兄弟,张昶（弟）
张芝,师承,杜度
张芝,师承,崔瑗
张芝,受其影响,张昶
张芝,受其影响,韦诞
张芝,受其影响,卫觊
张芝,受其影响,索靖
张芝,受其影响,卫恒
蔡邕,字,伯喈
蔡邕,所处时代,东汉
蔡邕,籍贯,陈留圉(今河南杞县南)
蔡邕,擅长书体,飞白书
蔡邕,开创流派,飞白书
张昶,字,文舒
张昶,所处时代,东汉
张昶,籍贯,敦煌酒泉(今甘肃酒泉)
张昶,擅长书体,章草
张昶,擅长书体,八分
张昶,兄弟,张芝（兄）
张昶,师承,（未提及
胡昭,字,孔明
胡昭,所处时代,三国·魏
胡昭,籍贯,颍川(今河南禹县)
胡昭,擅长书体,行书
胡昭,师承,刘德昇
邯郸淳,字,子叔（一作子淑）
邯郸淳,所处时代,三国·魏
邯郸淳,籍贯,颍川(今河南禹县)或陈留(今河南陈留)
邯郸淳,擅长书体,古文
邯郸淳,擅长书体,大篆
邯郸淳,师承,曹喜
邯郸淳,受其影响,韦诞
韦诞,字,仲将
韦诞,所处时代,三国·魏
韦诞,籍贯,京兆(今属陕西西安)
韦诞,擅长书体,草书
韦诞,擅长书体,楷书
韦诞,擅长书体,飞白书
韦诞,师承,张芝
韦诞,师承,邯郸淳
皇象,字,休明
皇象,所处时代,三国·吴
皇象,籍贯,江都(今江苏扬州)
皇象,擅长书体,章草
皇象,擅长书体,八分
皇象,擅长书体,小篆
皇象,师承,杜度
皇象,受其影响,宋克
皇象,受其影响,沈曾植
卫瓘,字,伯玉
卫瓘,所处时代,西晋
卫瓘,籍贯,河东安邑(今山西夏县)
卫瓘,擅长书体,草书
卫瓘,父子,卫觊（父）
卫瓘,师承,张芝
卫瓘,师承,卫觊
嵇康,字,叔夜
嵇康,所处时代,西晋
嵇康,籍贯,谯郡铚(今安徽濉溪南)
嵇康,擅长书体,草书
嵇康,好友,山涛
嵇康,好友,阮籍等（竹林七贤）
索靖,字,幼安
索靖,所处时代,西晋
索靖,籍贯,敦煌(今甘肃敦煌)
索靖,擅长书体,章草
索靖,师承,张芝
索靖,受其影响,宋克
索靖,受其影响,沈曾植
索靖,受其影响,王蘧常
索靖,受其影响,王世镗
索靖,受其影响,丰子恺
索靖,受其影响,余绍宋
卫恒,字,巨山
卫恒,所处时代,西晋
卫恒,籍贯,河东安邑(今山西夏县北)
卫恒,擅长书体,章草
卫恒,擅长书体,古文
卫恒,父子,卫瓘（父）
卫恒,师承,张芝
陆机,字,士衡
陆机,所处时代,西晋
陆机,籍贯,华亭(今上海松江)
陆机,擅长书体,草书
陆机,父子,陆抗（父）
陆机,兄弟,陆云（弟）
郗鉴,字,道徽
郗鉴,所处时代,西晋
郗鉴,籍贯,高平金乡(今山东金乡)
郗鉴,擅长书体,草书
卫铄（卫夫人）,字,茂漪
卫铄（卫夫人）,所处时代,东晋
卫铄（卫夫人）,籍贯,河东安邑(今山西夏县北)
卫铄（卫夫人）,师承,（未提及
庾翼,字,稚恭
庾翼,所处时代,东晋
庾翼,籍贯,鄢陵(今河南鄢陵)
庾翼,师承,（未提及
庾翼,兄弟,庾亮（兄）
谢安,字,安石
谢安,所处时代,东晋
谢安,籍贯,陈郡阳夏(今河南太康)
谢安,擅长书体,草书
张翼,字,君祖
张翼,所处时代,东晋
张翼,籍贯,下邳(今江苏睢宁西北)
张翼,擅长书体,草书
王献之,字,子敬
王献之,所处时代,东晋
王献之,籍贯,琅琊临沂(今山东临沂)
王献之,擅长书体,行草
王献之,父子,王羲之（父）
王献之,兄弟,王羲之第七子
王献之,师承,张芝
王献之,受其影响,羊欣
王献之,受其影响,薄绍之
王献之,受其影响,王僧虔
王献之,受其影响,萧道成
王珣,字,元琳
王珣,所处时代,东晋
王珣,籍贯,临沂(今山东临沂)
王珣,擅长书体,行书
王珣,父子,王洽（父）
王珣,兄弟,王珉（弟）
王珉,字,季琰
王珉,所处时代,东晋
王珉,籍贯,琅琊临沂(今山东临沂)
王珉,擅长书体,行书
王珉,兄弟,王珣（兄）
王珉,师承,张芝
桓玄,字,敬道
桓玄,所处时代,东晋
桓玄,籍贯,龙亢(今安徽龙亢)
桓玄,擅长书体,草书
桓玄,父子,桓温（父）
桓玄,师承,王献之
羊欣,字,敬元
羊欣,所处时代,东晋—南朝宋
羊欣,籍贯,泰山南城(今山东费县)
羊欣,师承,（未提及
羊欣,师承,王献之
薄绍之,字,敬叔（一作钦叔）
薄绍之,所处时代,南朝宋
薄绍之,籍贯,丹阳(今属江苏)
薄绍之,师承,王献之
虞龢,所处时代,南朝宋
虞龢,籍贯,余姚(今浙江余姚)
王僧虔,所处时代,南朝齐
王僧虔,籍贯,琅琊临沂(今山东临沂)
王僧虔,师承,王献之
王僧虔,师承,王珣
萧道成,字,绍伯
萧道成,所处时代,南朝齐
萧道成,籍贯,南兰陵(今江苏常州西北)
萧道成,擅长书体,行草
萧道成,师承,王献之
郑道昭,字,僖伯
郑道昭,号,中岳先生
郑道昭,所处时代,北魏
郑道昭,籍贯,开封(今属河南)
郑道昭,师承,（未提及
贝义渊,所处时代,南朝梁
贝义渊,籍贯,吴兴(今浙江湖州)
贝义渊,师承,（未提及
陶弘景,字,通明
陶弘景,号,华阳隐居等
陶弘景,所处时代,南朝梁
陶弘景,籍贯,秣陵(今江苏南京)
萧衍,字,叔达
萧衍,所处时代,南朝梁
萧衍,籍贯,南兰陵(今江苏常州西北)
萧衍,擅长书体,草书
萧子云,字,景乔
萧子云,所处时代,南朝梁
萧子云,籍贯,南兰陵(今江苏常州西北)
萧子云,擅长书体,小篆
萧子云,师承,王献之
庾肩吾,字,慎之
庾肩吾,号,玄静先生
庾肩吾,所处时代,南朝梁
庾肩吾,籍贯,新野(今河南新野)
智永,字,僧人
智永,号,永禅师
智永,所处时代,隋
智永,籍贯,山阴(今浙江绍兴)
智永,擅长书体,草书
虞世南,字,伯施
虞世南,所处时代,唐
虞世南,籍贯,越州余姚(今浙江余姚)
虞世南,师承,（未提及
虞世南,师承,王献之
虞世南,师承,智永
虞世南,受其影响,李世民
虞世南,受其影响,陆柬之
欧阳通,字,师通
欧阳通,所处时代,唐
欧阳通,籍贯,潭州临湘(今湖南长沙)
欧阳通,父子,欧阳询（父）
欧阳通,开创流派,（未提及
陆柬之,所处时代,唐
陆柬之,籍贯,吴县(今江苏苏州)
陆柬之,师承,（未提及
陆柬之,师承,王献之
陆柬之,师承,虞世南
陆柬之,受其影响,陆彦远
李世民,所处时代,唐
李世民,擅长书体,行草
李世民,擅长书体,飞白书
李治,字,为善
李治,所处时代,唐
李治,擅长书体,飞白书
李治,师承,王献之
王知敬,所处时代,唐
王知敬,籍贯,怀州河内(今河南沁阳)
薛稷,字,嗣通
薛稷,所处时代,唐
薛稷,籍贯,蒲州汾阳(今山西宝鼎)
薛稷,师承,（未提及
薛稷,师承,虞世南
薛稷,受其影响,钟绍京
贺知章,字,季真
贺知章,号,四明狂客
贺知章,所处时代,唐
贺知章,籍贯,越州永兴(今浙江萧山)
贺知章,擅长书体,草书
贺知章,好友,李白
贺知章,好友,张旭等
贺知章,师承,王献之
陆彦远,所处时代,唐
陆彦远,籍贯,吴(今江苏苏州)
陆彦远,师承,（未提及
陆彦远,父子,陆柬之（父）
陆彦远,师承,陆柬之
陆彦远,受其影响,张旭
孙过庭,字,虔礼
孙过庭,所处时代,唐
孙过庭,籍贯,吴郡(今江苏苏州)或陈留(今河南开封)或富阳(今浙江富阳)
孙过庭,师承,王献之
李隆基,所处时代,唐
李隆基,擅长书体,隶书
张怀瓘,所处时代,唐
张怀瓘,籍贯,海陵(今江苏泰州)
徐浩,字,季海
徐浩,所处时代,唐
徐浩,籍贯,越州(今浙江绍兴)
徐浩,受其影响,蔡襄
韩择木,所处时代,唐
韩择木,籍贯,昌黎(今属河北)
韩择木,擅长书体,隶书
蔡有邻,所处时代,唐
蔡有邻,籍贯,济阳(今属山东)
蔡有邻,擅长书体,八分
张旭,字,伯高
张旭,所处时代,唐
张旭,籍贯,吴郡(今江苏苏州)
张旭,擅长书体,楷书
张旭,好友,贺知章
张旭,好友,张若虚
张旭,好友,包融（吴中四士）
张旭,师承,陆彦远
张旭,受其影响,怀素
张旭,受其影响,陆游
张旭,受其影响,祝允明
张旭,受其影响,詹景凤
张旭,受其影响,林散之
怀素,字,藏真
怀素,所处时代,唐
怀素,籍贯,湖南长沙
怀素,师承,张旭
怀素,师承,邬彤
怀素,受其影响,高闲
怀素,受其影响,赵佶
怀素,受其影响,祝允明
李阳冰,字,少温
李阳冰,所处时代,唐
李阳冰,籍贯,赵郡(治今河北赵县)
李阳冰,擅长书体,小篆
李阳冰,师承,李斯
李阳冰,受其影响,邓石如
李阳冰,受其影响,王澍
李阳冰,受其影响,洪亮吉
李阳冰,受其影响,张惠言
张从申,所处时代,唐
张从申,籍贯,吴郡(今江苏苏州)
张从申,擅长书体,行书
沈传师,字,子言
沈传师,所处时代,唐
沈传师,籍贯,吴(今江苏苏州)
沈传师,师承,虞世南
柳公权,字,诚悬
柳公权,所处时代,唐
柳公权,籍贯,京兆华原(今山西耀县)
柳公权,擅长书体,柳体
柳公权,开创流派,柳体
柳公权,受其影响,王铎
柳公权,受其影响,梁同书
柳公权,受其影响,左宗棠
裴休,字,公美
裴休,所处时代,唐
裴休,籍贯,孟州济源(今河南济源)
裴休,擅长书体,行书
宋儋,字,藏诸
宋儋,所处时代,唐
宋儋,籍贯,广平(今属河北)
宋儋,擅长书体,行草
宋儋,师承,卫铄
钟绍京,字,可大
钟绍京,所处时代,唐
钟绍京,籍贯,虔州赣县(今江西赣县)
钟绍京,师承,王献之
钟绍京,师承,薛稷
杜牧,字,牧之
杜牧,所处时代,唐
杜牧,籍贯,京兆万年(今陕西西安)
杜牧,父子,杜佑（祖父）
高闲,字,僧人
高闲,所处时代,唐
高闲,籍贯,乌程(今浙江湖州)
高闲,擅长书体,草书
高闲,师承,张旭
高闲,师承,怀素
亚栖,字,僧人
亚栖,所处时代,唐
亚栖,籍贯,永嘉(今浙江温州)
亚栖,擅长书体,草书
杨凝式,字,景度
杨凝式,号,虚白、癸巳人、希维居士、关西老农
杨凝式,所处时代,唐—五代
杨凝式,籍贯,华阴(今陕西华阴)
杨凝式,师承,王献之
杨凝式,受其影响,王安石
李煜,字,初名从嘉
李煜,号,白莲居士等
李煜,所处时代,五代·南唐
李煜,擅长书体,金错刀
李煜,擅长书体,撮襟书
李煜,开创流派,金错刀
李煜,开创流派,撮襟书
徐铉,字,鼎臣
徐铉,所处时代,宋
徐铉,籍贯,扬州广陵(今江苏扬州)
徐铉,擅长书体,小篆
徐铉,擅长书体,隶书
徐铉,兄弟,徐锴（弟）
徐铉,师承,李斯
徐铉,受其影响,章友直
李建中,字,得中
李建中,号,岩夫民伯
李建中,所处时代,宋
李建中,籍贯,开封(今河南开封)
李建中,擅长书体,八分
林逋,字,君复
林逋,所处时代,宋
林逋,籍贯,钱塘(今浙江杭州)
杜衍,字,世昌
杜衍,所处时代,宋
杜衍,籍贯,山阴(今浙江绍兴)
范仲淹,字,希文
范仲淹,所处时代,宋
范仲淹,籍贯,吴县(今江苏苏州)
章友直,字,伯益
章友直,所处时代,宋
章友直,籍贯,福建建安
章友直,擅长书体,玉箸篆
章友直,师承,徐铉
文彦博,字,宽夫
文彦博,所处时代,宋
文彦博,籍贯,汾州介休(今山西介休)
文彦博,师承,（未提及
吕公弼,字,宝臣
吕公弼,所处时代,宋
吕公弼,籍贯,寿州(今安徽寿县)
欧阳修,字,永叔
欧阳修,号,醉翁
欧阳修,所处时代,宋
欧阳修,籍贯,庐陵(今江西吉安)
韩琦,字,稚圭
韩琦,号,戆叟
韩琦,所处时代,宋
韩琦,籍贯,桐州安阳(今河南安阳)
韩琦,好友,范仲淹
韩琦,好友,富弼
苏洵,字,明允
苏洵,号,老泉
苏洵,所处时代,宋
苏洵,籍贯,眉州眉山(今四川眉山)
苏洵,师承,（未提及
韩绛,字,子华
韩绛,所处时代,宋
韩绛,籍贯,开封雍丘(今河南杞县)
蔡襄,字,君谟
蔡襄,所处时代,宋
蔡襄,籍贯,兴化仙游(今福建仙游)
蔡襄,师承,虞世南
蔡襄,师承,徐浩
司马光,字,君实
司马光,所处时代,宋
司马光,籍贯,陕州夏县(山西夏县)
王安石,字,介甫
王安石,号,半山
王安石,所处时代,宋
王安石,籍贯,江西临川
王安石,师承,（未提及
王安石,师承,杨凝式
钱公辅,字,君倚
钱公辅,所处时代,宋
钱公辅,籍贯,武进(今江苏常州)
沈遘,字,文通
沈遘,号,西溪
沈遘,所处时代,宋
沈遘,籍贯,钱塘(今浙江杭州)
沈遘,师承,（未提及
沈遘,兄弟,沈辽（弟）、沈括（从弟）
范纯仁,字,尧夫
范纯仁,所处时代,宋
范纯仁,籍贯,吴县(今江苏苏州)
范纯仁,师承,（未提及
范纯仁,父子,范仲淹（父）
吕大防,字,微仲
吕大防,所处时代,宋
吕大防,籍贯,京兆蓝田(今陕西蓝田)
沈辽,字,叡达
沈辽,号,云巢
沈辽,所处时代,宋
沈辽,籍贯,钱塘(今浙江杭州)
沈辽,兄弟,沈遘（兄）
王诜,字,晋卿
王诜,所处时代,宋
王诜,籍贯,山西太原
王诜,交游,苏轼（为其作记）
苏辙,字,子由
苏辙,号,颍滨、栾城、颍滨遗老
苏辙,所处时代,宋
苏辙,籍贯,眉州眉山（今四川眉山）
苏辙,父子,苏洵
王岩叟,字,彦霖
王岩叟,所处时代,宋
王岩叟,籍贯,大名清平（今河北大名）
蔡京,字,元长
蔡京,所处时代,宋
蔡京,籍贯,仙游（今福建仙游）
蔡京,兄弟,蔡卞
蔡京,师承,王献之
蔡京,师承,徐浩
蔡京,师承,蔡襄
蔡卞,字,元度
蔡卞,所处时代,宋
蔡卞,籍贯,仙游（今福建仙游）
蔡卞,兄弟,蔡京
苏迈,字,伯达
苏迈,所处时代,宋
苏迈,籍贯,眉州眉山（今四川眉山）
苏过,字,叔党
苏过,号,斜川居士、小坡
苏过,所处时代,宋
苏过,籍贯,眉州眉山（今四川眉山）
胡安国,所处时代,宋
胡安国,籍贯,崇安（今福建崇安）
王升,字,逸老
王升,号,羔羊居士
王升,所处时代,宋
王升,籍贯,汴（今河南开封）
王升,擅长书体,草书
米友,字,元晖
米友,号,懒拙道人
米友,所处时代,宋
米友,籍贯,祖籍山西太原
赵佶,所处时代,宋
赵佶,籍贯,涿州（今河北涿州）
赵佶,开创流派,瘦金体
赵佶,师承,薛稷
赵佶,师承,薛曜
蒋灿,字,宣卿
蒋灿,所处时代,宋
蒋灿,籍贯,宜兴（今江苏宜兴）
秦桧,字,会之
秦桧,所处时代,宋
秦桧,籍贯,江宁
张九成,字,子韶
张九成,号,横浦、无垢居士
张九成,所处时代,宋
张九成,籍贯,其先开封人
扬无咎,字,补之
扬无咎,号,逃禅老人、清夷长者
扬无咎,所处时代,宋
扬无咎,籍贯,本蜀郡成都人
王巩,字,定国
王巩,号,清虚先生
王巩,所处时代,宋
王巩,籍贯,魏州（今河北大名）
王巩,擅长书体,草书
邵䶵,字,仲恭
邵䶵,所处时代,宋
邵䶵,籍贯,江苏丹阳
邵䶵,师承,蔡京
王安中,字,履道
王安中,号,初寮
王安中,所处时代,宋
王安中,籍贯,中山阳曲（今山西太原）
陈旸,字,晋之
陈旸,所处时代,宋
陈旸,籍贯,福建福州
薛绍彭,字,道祖
薛绍彭,号,翠微居士
薛绍彭,所处时代,宋
薛绍彭,籍贯,长安（今陕西西安）
薛绍彭,师承,王献之
赵构,字,德基
赵构,所处时代,宋
赵构,籍贯,涿州（今河北涿县）
赵构,父子,赵佶
赵构,师承,王献之
赵构,师承,智永
虞允文,字,彬甫
虞允文,所处时代,宋
虞允文,籍贯,隆州仁寿（今四川仁寿）
杨万里,字,廷秀
杨万里,号,诚斋
杨万里,所处时代,宋
杨万里,籍贯,吉水（今江西吉水）
杨万里,好友,范成大
杨万里,好友,陆游
杨万里,好友,尤袤
陆游,字,务观
陆游,号,放翁、笠泽翁、九曲老樵
陆游,所处时代,宋
陆游,籍贯,山阴（今浙江绍兴）
陆游,好友,范成大
陆游,好友,杨万里
陆游,好友,尤袤
陆游,师承,张旭
陆游,师承,杨凝式
范成大,字,致能
范成大,号,石湖
范成大,所处时代,宋
范成大,籍贯,吴郡（今江苏苏州）
范成大,好友,杨万里
范成大,好友,陆游
范成大,好友,尤袤
赵昚,字,元永
赵昚,所处时代,宋
赵昚,师承,赵构
梁克家,字,叔子
梁克家,所处时代,宋
梁克家,籍贯,泉州晋江（今福建泉州市）
梁克家,擅长书体,草书
朱熹,字,元晦
朱熹,号,晦庵、云谷老人、沧州病叟、遁翁
朱熹,所处时代,宋
朱熹,籍贯,婺源（今属江西婺源）
葛长庚,字,白叟、如晦
葛长庚,所处时代,宋
葛长庚,籍贯,福建闽清
葛长庚,擅长书体,草书
张孝祥,字,安国
张孝祥,号,于湖
张孝祥,所处时代,宋
张孝祥,籍贯,历阳乌江（今安徽和县）
张孝祥,受其影响,张即之
张栻,字,敬夫、乐斋
张栻,号,南轩
张栻,所处时代,宋
张栻,籍贯,汉州绵竹（今四川绵竹）
张栻,父子,张浚
张栻,好友,朱熹
张栻,好友,吕祖谦
楼钥,字,大防
楼钥,号,攻媿主人
楼钥,所处时代,宋
楼钥,籍贯,鄞县（今浙江宁波）
姜夔,字,尧章
姜夔,号,白石道人
姜夔,所处时代,宋
姜夔,籍贯,鄱阳（今江西鄱阳）
魏了翁,字,华父
魏了翁,号,鹤山
魏了翁,所处时代,宋
魏了翁,籍贯,邛州蒲江（今四川蒲江）
魏了翁,擅长书体,行草
张即之,字,温夫
张即之,号,樗寮
张即之,所处时代,宋
张即之,籍贯,历阳（今安徽和县）
张即之,擅长书体,楷书
张即之,师承,张孝祥
赵孟坚,字,子固
赵孟坚,号,彝斋居士
赵孟坚,所处时代,宋
赵孟坚,籍贯,浙江海盐
赵孟坚,师承,王献之
吴说,字,傅朋
吴说,号,练塘
吴说,所处时代,宋
吴说,籍贯,钱塘（今浙江杭州）
吴说,擅长书体,游丝书
吴说,开创流派,游丝书
吴说,师承,王献之
吴琚,字,居父
吴琚,号,云壑
吴琚,所处时代,宋
吴琚,籍贯,汴（今河南开封）
文天祥,字,宋端、履善
文天祥,号,文山
文天祥,所处时代,宋
文天祥,籍贯,吉州吉水（今江西吉安）
吴升,字,潜夫
吴升,号,定庵
吴升,所处时代,宋
吴升,籍贯,婺源（今江西婺源）
陈容,字,公储
陈容,号,所翁
陈容,所处时代,宋
陈容,籍贯,长乐（今福建长乐）
蔡松年,字,伯坚
蔡松年,号,萧闲老人
蔡松年,所处时代,金
蔡松年,籍贯,真定（今河北正定）
蔡松年,师承,王献之
蔡松年,好友,吴激
蔡松年,师承,王献之
施宜生,字,明望
施宜生,号,三住老人
施宜生,所处时代,金
施宜生,籍贯,福建浦城（一作邵武）
蔡珪,字,正甫
蔡珪,所处时代,金
蔡珪,籍贯,真定（今河北正定）
蔡珪,父子,蔡松年
王庭筠,字,子端
王庭筠,号,黄华山人、黄华老人
王庭筠,所处时代,金
王庭筠,籍贯,河东（今山西永济）
王庭筠,受其影响,赵秉文
王庭筠,受其影响,张天锡
王庭筠,受其影响,鲜于枢
赵秉文,字,周臣
赵秉文,号,闲闲居士
赵秉文,所处时代,金
赵秉文,籍贯,磁州滏阳（今河北磁县）
赵秉文,擅长书体,草书
赵秉文,师承,王庭筠
耶律楚材,字,晋卿
耶律楚材,号,玉泉、湛然居士
耶律楚材,所处时代,元
耶律楚材,籍贯,契丹人
商挺,字,孟卿
商挺,号,左山、左山老人
商挺,所处时代,元
商挺,籍贯,曹州济阴（今山东菏泽）
商挺,擅长书体,隶书
商挺,师承,杨凝式
钱选,字,舜举
钱选,号,玉潭、巽峰、清癯老人、习懒翁、霅川翁
钱选,所处时代,元
钱选,籍贯,吴兴（今浙江湖州）
戴表元,字,帅初、曾伯
戴表元,所处时代,元
戴表元,籍贯,浙江奉化
鲜于枢,字,伯机
鲜于枢,号,困学民、直案老人
鲜于枢,所处时代,元
鲜于枢,籍贯,渔阳（今河北蓟县）
鲜于枢,师承,王献之
鲜于枢,师承,张旭
鲜于枢,师承,怀素
鲜于枢,师承,张天锡
仇远,字,仁近、仁父
仇远,号,山村
仇远,所处时代,元
仇远,籍贯,钱塘（今浙江杭州）
仇远,擅长书体,楷书
仇远,擅长书体,行书
仇远,好友,白珽
白珽,字,廷玉
白珽,号,湛渊、栖霞山人
白珽,所处时代,元
白珽,籍贯,钱塘（今浙江杭州）
白珽,好友,仇远
冯子振,字,海粟
冯子振,号,瀛洲客、怪怪道人
冯子振,所处时代,元
冯子振,籍贯,攸州（今湖南攸县）
邓文原,字,善之、匪石
邓文原,号,素履先生
邓文原,所处时代,元
邓文原,籍贯,绵州（今四川绵阳）
邓文原,好友,鲜于枢
邓文原,师承,王献之
龚璛,字,子敬
龚璛,所处时代,元
龚璛,籍贯,自高邮（今江苏高邮）徙平江（今湖南平江）
龚璛,师承,王献之
袁桷,字,伯长
袁桷,号,清容居士
袁桷,所处时代,元
袁桷,籍贯,庆元（今浙江庆元）
袁桷,师承,柳公权
吴全节,字,成季
吴全节,号,闲闲、看云道人
吴全节,所处时代,元
吴全节,籍贯,饶州安仁（今江西余江）
黄公望,字,子久
黄公望,号,一峰、大痴、一峰道人、大痴道人、井西道人
黄公望,所处时代,元
黄公望,籍贯,平江常熟（今江苏常熟）
黄公望,好友,吴镇
黄公望,好友,王蒙
黄公望,好友,倪瓒
虞集,字,伯生
虞集,号,道园
虞集,所处时代,元
虞集,籍贯,蜀郡（今四川成都）
欧阳玄,字,原功
欧阳玄,号,圭斋、平心老人、霜华山人
欧阳玄,所处时代,元
欧阳玄,籍贯,其先家庐陵（今江西吉安）
揭傒斯,字,曼硕
揭傒斯,所处时代,元
揭傒斯,籍贯,龙兴富州（今江西丰城）
揭傒斯,好友,虞集
揭傒斯,好友,柳贯
揭傒斯,好友,黄溍
揭傒斯,好友,杨载
揭傒斯,好友,范梈
揭傒斯,师承,智永
张雨,字,伯雨
张雨,号,句曲外史、贞居子
张雨,所处时代,元
张雨,籍贯,钱塘（今浙江杭州）
张雨,师承,怀素
张雨,师承,怀素
张雨,受其影响,金琮
钱良祐,字,翼之
钱良祐,号,江村民、江村先生
钱良祐,所处时代,元
钱良祐,籍贯,平江（今湖南平江）
钱良祐,好友,邓文原
吴镇,字,仲圭
吴镇,号,梅花道人、梅道人、梅沙弥
吴镇,所处时代,元
吴镇,籍贯,浙江嘉兴魏塘
吴镇,擅长书体,草书
吴镇,好友,黄公望
吴镇,好友,倪瓒
吴镇,好友,王蒙
吴镇,师承,訾光
吴镇,师承,怀素
张翥,字,仲举
张翥,号,蜕庵
张翥,所处时代,元
张翥,籍贯,晋宁（今山西临汾）
薛玄义,字,玄卿
薛玄义,号,上清外史
薛玄义,所处时代,元
薛玄义,籍贯,贵溪（今江西贵溪）
薛玄义,擅长书体,行书
郭畀,字,天锡、佑之
郭畀,号,北山
郭畀,所处时代,元
郭畀,籍贯,京口（今江苏镇江）
柯九思,字,敬仲
柯九思,号,丹丘生
柯九思,所处时代,元
柯九思,籍贯,天台（今浙江天台）
赵雍,字,仲穆
赵雍,所处时代,元
赵雍,籍贯,吴兴（今浙江湖州）
赵雍,师承,李斯
赵雍,师承,李阳冰
朱德润,字,泽民
朱德润,号,睢阳山人、眉宇散人、翁同山人
朱德润,所处时代,元
朱德润,籍贯,原籍睢阳（今河南商丘）
康里巎巎,字,子山
康里巎巎,号,正斋、恕叟
康里巎巎,所处时代,元
康里巎巎,籍贯,康里（今属新疆）
康里巎巎,师承,王献之
康里巎巎,师承,虞世南
康里巎巎,受其影响,危素
康里巎巎,受其影响,宋璲
杨维桢,字,廉夫
杨维桢,号,铁崖、铁笛道人、铁冠道人、梅花道人
杨维桢,所处时代,元
杨维桢,籍贯,会稽（今浙江绍兴）
杨维桢,师承,索靖
杨维桢,师承,欧阳通
吴叡,字,孟思
吴叡,号,雪涛散人、青云生
吴叡,所处时代,元
吴叡,籍贯,浙江杭州
吴叡,师承,吾丘衍
周伯琦,字,伯温
周伯琦,号,谷阳生、玉雪坡真逸
周伯琦,所处时代,元
周伯琦,籍贯,饶州（今江西鄱阳）
周伯琦,师承,李斯
周伯琦,师承,徐铉
倪瓒,字,元镇
倪瓒,号,云林、云林子、云林散人、荆蛮民、净名居士、朱阳馆主、萧闲仙卿、幻霞生
倪瓒,所处时代,元
倪瓒,籍贯,无锡（今江苏无锡）
倪瓒,擅长书体,楷书
倪瓒,好友,黄公望
倪瓒,好友,吴镇
倪瓒,好友,王蒙
倪瓒,师承,王献之
泰不华,字,兼善
泰不华,所处时代,元
泰不华,籍贯,台州（今浙江临海）
泰不华,师承,徐铉
泰不华,师承,张有
王蒙,字,叔明、叔铭
王蒙,号,黄鹤山樵、黄鹤山人、黄鹤樵、黄鹤山中樵、香光居士
王蒙,所处时代,元
王蒙,籍贯,吴兴（今浙江湖州）
王蒙,好友,黄公望
王蒙,好友,吴镇
王蒙,好友,倪瓒
陈基,字,敬初
陈基,所处时代,元
陈基,籍贯,浙江临海
李倜,字,士弘
李倜,号,篑峤、员峤真逸
李倜,所处时代,元
李倜,籍贯,山西太原
吴炳,字,彦辉
吴炳,所处时代,元
吴炳,籍贯,汴（今河南开封）
吴炳,擅长书体,篆书
吴炳,擅长书体,行书
沈右,字,仲说
沈右,号,御斋、寓斋
沈右,所处时代,元
沈右,籍贯,吴中（今江苏苏州）
陆广,字,季弘
陆广,号,天游生
陆广,所处时代,元
陆广,籍贯,吴（今江苏苏州）
陆广,擅长书体,楷书
陆居仁,字,宅之
陆居仁,号,巢松翁、松云野褐、瑁湖居士
陆居仁,所处时代,元
陆居仁,籍贯,华亭（今上海市松江）
陆居仁,好友,杨维桢
陆居仁,好友,钱惟善
陈绎曾,字,伯敷、伯孚
陈绎曾,所处时代,元
陈绎曾,籍贯,处州（今浙江丽水）
陈绎曾,擅长书体,飞白书
俞和,字,子中
俞和,号,紫芝、紫芝生、清隐散人
俞和,所处时代,元
俞和,籍贯,桐江（今浙江桐庐）
饶介,字,介之
饶介,号,醉翁、华盖山樵
饶介,所处时代,元
饶介,籍贯,临川（今江西抚州）
饶介,擅长书体,草书
饶介,师承,怀素
饶介,受其影响,宋克
钱惟善,字,思复
钱惟善,号,心白道人、曲江居士
钱惟善,所处时代,元
钱惟善,籍贯,钱塘（今浙江杭州）
钱惟善,好友,杨维桢
钱惟善,好友,陆居仁
钱逵,字,伯行
钱逵,所处时代,元
钱逵,籍贯,平江（今湖南平江）
钱逵,父子,钱良祐
钱逵,师承,钱良祐
鲁渊,字,道源
鲁渊,号,岐山先生
鲁渊,所处时代,元
鲁渊,籍贯,浙江淳安
熊梦祥,字,自得
熊梦祥,号,松云道人
熊梦祥,所处时代,元
熊梦祥,籍贯,富州（今江西丰城）
薛毅夫,字,茂弘
薛毅夫,号,鹤斋、白屋生
薛毅夫,所处时代,元
薛毅夫,籍贯,江西贵溪
薛毅夫,师承,王献之
薛毅夫,师承,王献之
危素,字,太朴
危素,号,云林
危素,所处时代,明
危素,籍贯,金谿（今江西金溪）
危素,擅长书体,楷书
危素,师承,康里巎巎
危素,受其影响,宋璲
危素,受其影响,杜环
危素,受其影响,詹希元
危素,受其影响,解缙
宋濂,字,景濂
宋濂,号,潜溪
宋濂,所处时代,明
宋濂,籍贯,浦江（今浙江浦江）
宋濂,擅长书体,草书
宋濂,好友,刘基
宋濂,好友,高启
刘基,字,伯温
刘基,所处时代,明
刘基,籍贯,青田（今浙江青田）
刘基,擅长书体,行草
刘基,好友,宋濂
刘基,好友,高启
宋克,字,仲温
宋克,号,南宫生
宋克,所处时代,明
宋克,籍贯,长洲（今江苏苏州）
宋克,擅长书体,章草
宋克,师承,皇象
宋克,师承,王献之
宋克,师承,饶介
宋克,受其影响,孙克弘
卢熊,字,公武
卢熊,所处时代,明
卢熊,籍贯,崑山（今江苏昆山）
俞贞木,字,有立
俞贞木,号,立庵
俞贞木,所处时代,明
俞贞木,籍贯,吴县（今江苏苏州）
高启,字,季迪
高启,号,槎轩、青丘子
高启,所处时代,明
高启,籍贯,吴郡长洲（今江苏苏州）
高启,擅长书体,楷书
高启,好友,宋濂
高启,好友,刘基
宋璲,字,仲珩
宋璲,所处时代,明
宋璲,籍贯,浦江（今浙江浦江）
宋璲,擅长书体,大篆
宋璲,擅长书体,小篆
宋璲,父子,宋濂
宋璲,同好,宋克
宋璲,同好,宋广
宋璲,师承,康里巎巎
宋璲,受其影响,沈粲
宋广,字,昌裔
宋广,所处时代,明
宋广,籍贯,河南南阳（一作唐县
宋广,擅长书体,草书
宋广,擅长书体,章草
宋广,好友,宋克
宋广,好友,宋璲
宋广,师承,张旭
宋广,师承,怀素
方孝孺,字,希直、希古
方孝孺,所处时代,明
方孝孺,籍贯,宁海（今浙江宁海）
沈度,字,民则
沈度,号,自乐
沈度,所处时代,明
沈度,籍贯,华亭（今上海松江）
沈度,擅长书体,隶书
沈度,兄弟,沈粲
沈度,受其影响,朱瞻基
沈度,受其影响,沈藻
沈度,受其影响,张电
沈度,受其影响,姜立纲
沈粲,字,民望
沈粲,号,简庵
沈粲,所处时代,明
沈粲,籍贯,华亭（今上海松江）
沈粲,擅长书体,草书
沈粲,兄弟,沈度
沈粲,师承,宋璲
沈粲,受其影响,朱瞻基
沈粲,受其影响,张电
沈粲,受其影响,姜立纲
胡俨,字,若思
胡俨,号,颐庵
胡俨,所处时代,明
胡俨,籍贯,江西南昌
胡俨,擅长书体,行书
胡俨,擅长书体,楷书
王绂,字,孟端
王绂,所处时代,明
王绂,籍贯,无锡（今江苏无锡）
王绂,擅长书体,楷书
杨士奇,字,寓
杨士奇,所处时代,明
杨士奇,籍贯,泰和（今江西泰和）
杨士奇,擅长书体,行草
夏元吉,字,维喆
夏元吉,所处时代,明
夏元吉,籍贯,湖南湘阴
解缙,字,大绅
解缙,号,春雨
解缙,所处时代,明
解缙,籍贯,吉水（今江西吉水）
解缙,师承,危素
解缙,师承,周伯琦
魏骥,字,仲房
魏骥,号,南斋
魏骥,所处时代,明
魏骥,籍贯,浙江萧山
柴车,字,叔舆
柴车,所处时代,明
柴车,籍贯,浙江江山
柴车,擅长书体,唐
杜琼,字,用嘉
杜琼,所处时代,明
杜琼,籍贯,江苏苏州
于谦,字,廷益
于谦,所处时代,明
于谦,籍贯,钱塘（今浙江杭州）
朱瞻,号,长春真人
朱瞻,所处时代,明
朱瞻,师承,沈度
朱瞻,师承,沈粲
张绅,所处时代,明
张绅,籍贯,山东济南
张绅,擅长书体,楷书
张绅,擅长书体,小篆
陈璧,字,文东
陈璧,号,谷阳生
陈璧,所处时代,明
陈璧,籍贯,华亭（今上海松江）
陈璧,师承,宋克
马治,字,孝常
马治,所处时代,明
马治,籍贯,宜兴（今江苏宜兴）
聂大年,字,寿卿
聂大年,所处时代,明
聂大年,籍贯,临川（今江西抚州）
徐有贞,字,元玉
徐有贞,号,天全
徐有贞,所处时代,明
徐有贞,籍贯,吴县（今江苏苏州）
徐有贞,擅长书体,行草
徐有贞,师承,怀素
刘珏,字,廷美
刘珏,号,完庵
刘珏,所处时代,明
刘珏,籍贯,长洲（今江苏苏州）
刘珏,擅长书体,行草
商辂,字,弘载
商辂,号,素庭
商辂,所处时代,明
商辂,籍贯,淳安（今浙江淳安）
商辂,擅长书体,宋
卞荣,字,华伯
卞荣,所处时代,明
卞荣,籍贯,江阴（今江苏江阴）
姚绶,字,公绶
姚绶,所处时代,明
姚绶,籍贯,浙江嘉兴
姚绶,擅长书体,行草
张弼,字,汝弼
张弼,号,东海翁
张弼,所处时代,明
张弼,籍贯,华亭（今上海松江）
张弼,擅长书体,草书
张弼,师承,张旭
张弼,师承,怀素
沈周,字,启南
沈周,所处时代,明
沈周,籍贯,长洲（今江苏苏州）
沈周,同好,文徵明
沈周,同好,唐寅
沈周,同好,仇英
沈周,受其影响,文徵明
陈献章,字,公甫
陈献章,所处时代,明
陈献章,籍贯,广东新会
陈献章,擅长书体,茅笔字
陈献章,开创流派,茅笔字
李应祯,字,贞伯
李应祯,所处时代,明
李应祯,籍贯,长洲（今江苏苏州）
李应祯,受其影响,祝允明
李应祯,受其影响,文徵明
吴宽,字,原博
吴宽,所处时代,明
吴宽,籍贯,长洲（今江苏苏州）
李东阳,字,宾之
李东阳,号,西涯
李东阳,所处时代,明
李东阳,籍贯,茶陵（今湖南茶陵）
李东阳,受其影响,伊秉绶
金琮,字,元玉
金琮,所处时代,明
金琮,籍贯,金陵（今南京）
金琮,好友,文徵明
金琮,师承,张雨
谢迁,字,于乔
谢迁,所处时代,明
谢迁,籍贯,余姚（今浙江余姚）
王鏊,字,济之
王鏊,所处时代,明
王鏊,籍贯,吴县（今江苏苏州）
文林,字,宗儒
文林,所处时代,明
文林,籍贯,长洲（今江苏苏州）
文林,父子,文徵明
文林,受其影响,文徵明
文林,受其影响,唐寅
杨循吉,字,君谦
杨循吉,号,多暇子
杨循吉,所处时代,明
杨循吉,籍贯,吴县（今江苏苏州）
祝允明,字,希哲
祝允明,所处时代,明
祝允明,籍贯,长洲（今江苏苏州）
祝允明,好友,唐寅
祝允明,好友,文徵明
祝允明,好友,徐祯卿
祝允明,师承,王献之
祝允明,师承,虞世南
祝允明,师承,智永
祝允明,师承,张旭
祝允明,师承,怀素
祝允明,受其影响,黄姬水
祝允明,受其影响,吴应卯
祝允明,受其影响,王铎
祝允明,受其影响,林散之
邵宝,字,国贤
邵宝,号,二泉
邵宝,所处时代,明
邵宝,籍贯,无锡（今江苏无锡）
邵宝,擅长书体,行草
邵宝,师承,李东阳
钱福,字,与谦
钱福,号,鹤滩
钱福,所处时代,明
钱福,籍贯,华亭（今上海松江）
徐霖,所处时代,明
徐霖,籍贯,长洲（今江苏苏州）
徐霖,擅长书体,篆书
徐霖,师承,朱熹
费宏,字,子充
费宏,所处时代,明
费宏,籍贯,江西铅山
陈沂,字,鲁南
陈沂,所处时代,明
陈沂,籍贯,鄞（今浙江宁波）
文徵明,字,徵仲
文徵明,号,衡山居士
文徵明,所处时代,明
文徵明,籍贯,长洲（今江苏苏州）
文徵明,擅长书体,行草
文徵明,擅长书体,隶书
文徵明,父子,文林
文徵明,好友,沈周
文徵明,好友,唐寅
文徵明,好友,仇英
文徵明,师承,智永
文徵明,师承,沈周
文徵明,师承,李应祯
文徵明,受其影响,唐寅
文徵明,受其影响,文彭
文徵明,受其影响,文嘉
文徵明,受其影响,周天球
文徵明,受其影响,陆师道
文徵明,受其影响,居节
唐寅,所处时代,明
唐寅,籍贯,吴县（今江苏苏州）
唐寅,好友,祝允明
唐寅,好友,文徵明
唐寅,好友,徐祯卿
唐寅,师承,王献之
唐寅,师承,文徵明
王守仁,字,伯安
王守仁,所处时代,明
王守仁,籍贯,今浙江余姚
王守仁,擅长书体,行书
陆深,字,子渊
陆深,号,俨山
陆深,所处时代,明
陆深,籍贯,华亭（今上海松江）
陆深,受其影响,张电
夏言,字,公谨
夏言,所处时代,明
夏言,籍贯,贵溪（今江西贵溪）
陈淳,所处时代,明
陈淳,籍贯,苏州（今江苏苏州）
陈淳,擅长书体,行书
陈淳,擅长书体,小篆
陈淳,好友,徐渭
陈淳,师承,杨凝式
陈淳,师承,林藻
陈淳,师承,文徵明
杨慎,字,用修
杨慎,号,升庵
杨慎,所处时代,明
杨慎,籍贯,四川新都
杨慎,师承,王献之
沈仕,号,青门山人
沈仕,所处时代,明
沈仕,籍贯,仁和（今浙江杭州）
沈仕,擅长书体,行草
王守,字,履约
王守,所处时代,明
王守,籍贯,长洲（今江苏苏州）
王守,擅长书体,楷书
王守,擅长书体,行书
王守,兄弟,王宠
王守,师承,李怀琳
丰坊,号,南禺外史
丰坊,所处时代,明
丰坊,籍贯,鄞（今浙江宁波）
王宠,号,雅宜山人
王宠,所处时代,明
王宠,籍贯,吴（今江苏苏州）
王宠,擅长书体,楷书
王宠,擅长书体,行书
王宠,擅长书体,行草
王宠,兄弟,王守
王宠,好友,祝允明
王宠,好友,文徵明
王宠,师承,王献之
王宠,师承,智永
王宠,师承,虞世南
王问,字,子裕
王问,所处时代,明
王问,籍贯,无锡（今江苏无锡）
王问,擅长书体,行草
文彭,字,寿承
文彭,号,三桥
文彭,所处时代,明
文彭,籍贯,长洲（今江苏苏州）
文彭,父子,文徵明
文彭,兄弟,文嘉
文彭,师承,怀素
文彭,师承,孙过庭
文彭,师承,文徵明
马愈,字,抑之
马愈,所处时代,明
马愈,籍贯,嘉定（今属上海市）
马愈,擅长书体,行书
朱希周,字,懋忠
朱希周,所处时代,明
朱希周,籍贯,昆山（今江苏昆山）
乔宇,字,希大
乔宇,号,白岩
乔宇,所处时代,明
乔宇,籍贯,太原乐平（今山西昔阳）
沈藻,所处时代,明
沈藻,籍贯,华亭（今上海松江）
沈藻,父子,沈度
沈藻,师承,沈度
张电,字,文光
张电,号,宾山
张电,所处时代,明
张电,籍贯,上海
张电,师承,陆深
张电,师承,沈度
张电,师承,沈粲
张骏,字,天骏
张骏,号,南山
张骏,所处时代,明
张骏,籍贯,华亭（今上海松江）
张骏,好友,张弼
张骏,师承,怀素
张骏,师承,张弼
张璧,字,崇象
张璧,号,阳峰
张璧,所处时代,明
张璧,籍贯,石首（今属湖北）
姜立纲,字,廷宪
姜立纲,号,东溪
姜立纲,所处时代,明
姜立纲,籍贯,浙江瑞安
姜立纲,擅长书体,楷书
姜立纲,擅长书体,草书
姜立纲,师承,沈度
姜立纲,师承,沈粲
蔡羽,号,林屋山人
蔡羽,所处时代,明
蔡羽,籍贯,吴（今江苏苏州）
詹僖,字,仲和
詹僖,号,铁冠道人
詹僖,所处时代,明
詹僖,籍贯,四明（今浙江宁波）
文嘉,字,休承
文嘉,所处时代,明
文嘉,籍贯,长洲（今江苏苏州）
文嘉,擅长书体,行书
文嘉,父子,文徵明
文嘉,兄弟,文彭
文嘉,师承,文徵明
王穀祥,字,禄之
王穀祥,号,酉室
王穀祥,所处时代,明
王穀祥,籍贯,长洲（今江苏苏州）
罗洪先,字,达夫
罗洪先,号,念庵
罗洪先,所处时代,明
罗洪先,籍贯,吉水（今江西吉水）
彭年,字,孔嘉
彭年,号,隆池
彭年,所处时代,明
彭年,籍贯,吴（今江苏苏州）
彭年,擅长书体,楷书
彭年,擅长书体,行草
唐顺之,号,荆川
唐顺之,所处时代,明
唐顺之,籍贯,武进（今江苏常州）
唐顺之,擅长书体,草书
莫如忠,字,子良
莫如忠,号,中江
莫如忠,所处时代,明
莫如忠,籍贯,华亭（今上海松江）
莫如忠,师承,王献之
黄姬水,所处时代,明
黄姬水,籍贯,长洲（今江苏苏州）
黄姬水,擅长书体,行草
黄姬水,师承,虞世南
黄姬水,师承,祝允明
黄姬水,师承,文徵明
黄姬水,师承,王宠
黄姬水,受其影响,王穉登
严讷,字,敏卿
严讷,号,养斋
严讷,所处时代,明
严讷,籍贯,江苏常熟
茅坤,字,顺甫
茅坤,号,鹿门
茅坤,所处时代,明
茅坤,籍贯,归安（今浙江湖州）
茅坤,师承,王献之
俞允文,字,仲蔚
俞允文,所处时代,明
俞允文,籍贯,昆山（今江苏昆山）
俞允文,擅长书体,行书
俞允文,擅长书体,八分
周天球,字,公暇
周天球,所处时代,明
周天球,籍贯,长洲（今江苏苏州）
周天球,擅长书体,大篆
周天球,擅长书体,小篆
周天球,师承,文徵明
周天球,受其影响,王穉登
海瑞,字,汝贤
海瑞,号,刚峰
海瑞,所处时代,明
海瑞,籍贯,琼山（今海南海口）
陈芹,字,子野
陈芹,所处时代,明
陈芹,籍贯,金陵（今江苏南京）
陈芹,擅长书体,章草
杨继盛,字,仲芳
杨继盛,号,椒山
杨继盛,所处时代,明
杨继盛,籍贯,河北容城
陆师道,字,子传
陆师道,所处时代,明
陆师道,籍贯,长洲（今江苏苏州）
陆师道,师承,文徵明
徐渭,字,文长
徐渭,所处时代,明
徐渭,籍贯,山阴（今浙江绍兴）
徐渭,好友,陈淳
徐渭,师承,怀素
项元汴,字,子京
项元汴,所处时代,明
项元汴,籍贯,浙江嘉兴
项元汴,师承,智永
王世贞,字,元美
王世贞,所处时代,明
王世贞,籍贯,江苏太仓
张凤翼,字,伯起
张凤翼,号,灵墟
张凤翼,所处时代,明
张凤翼,籍贯,长洲（今江苏苏州）
张凤翼,兄弟,张献翼
张凤翼,兄弟,张燕翼
张凤翼,师承,王献之
居节,字,士贞
居节,所处时代,明
居节,籍贯,长洲（今江苏苏州）
居节,师承,文徵明
孙克弘,字,允执
孙克弘,号,雪居
孙克弘,所处时代,明
孙克弘,籍贯,华亭（今上海松江）
孙克弘,父子,孙承恩
孙克弘,师承,宋克
王锡爵,字,元驭
王锡爵,号,荆石
王锡爵,所处时代,明
王锡爵,籍贯,太仓（今江苏太仓）
王锡爵,师承,孙过庭
王穉登,字,伯穀
王穉登,所处时代,明
王穉登,籍贯,江阴（今江苏江阴）
王穉登,师承,文徵明
王穉登,师承,黄姬水
王穉登,师承,周天球
申时行,字,汝默
申时行,所处时代,明
申时行,籍贯,吴县（今江苏苏州）
申时行,师承,王献之
莫是龙,所处时代,明
莫是龙,籍贯,华亭（今上海松江）
莫是龙,擅长书体,行草
莫是龙,父子,莫如忠
祝世禄,字,廷之
祝世禄,号,无功
祝世禄,所处时代,明
祝世禄,籍贯,江西德兴
陆应阳,字,伯生
陆应阳,所处时代,明
陆应阳,籍贯,上海青浦
屠隆,所处时代,明
屠隆,籍贯,鄞（今浙江宁波）
德清,字,澄印
德清,所处时代,明
德清,籍贯,安徽全椒
德清,师承,王献之
严徵,字,道徵
严徵,所处时代,明
严徵,籍贯,江苏常熟
严徵,父子,严讷
丁云鹏,字,南羽
丁云鹏,所处时代,明
丁云鹏,籍贯,休宁（今安徽休宁）
丁云鹏,父子,丁瓒
朱之蕃,字,元介
朱之蕃,号,兰嵎
朱之蕃,所处时代,明
朱之蕃,籍贯,山东荏平
朱之蕃,师承,文徵明
汤显祖,所处时代,明
汤显祖,籍贯,江西临川
汤显祖,擅长书体,唐
俞安期,所处时代,明
俞安期,籍贯,吴江（今江苏吴江）
邢侗,字,子愿
邢侗,号,来禽生
邢侗,所处时代,明
邢侗,籍贯,临邑（今山东临清）
邢侗,好友,米万钟
邢侗,好友,张瑞图
邢侗,师承,虞世南
邢侗,师承,怀素
邹元,字,尔瞻
邹元,号,南皋
邹元,所处时代,明
邹元,籍贯,江西吉水
娄坚,字,子柔
娄坚,所处时代,明
娄坚,籍贯,嘉定（今属上海市）
娄坚,好友,唐时升
娄坚,好友,李流芳
娄坚,好友,程嘉燧
陈继儒,所处时代,明
陈继儒,籍贯,华亭（今上海松江）
范允临,字,长倩
范允临,所处时代,明
范允临,籍贯,吴县（今江苏苏州）
叶向高,字,进卿
叶向高,号,台山
叶向高,所处时代,明
叶向高,籍贯,福建福清
叶向高,师承,王献之
赵宦光,所处时代,明
赵宦光,籍贯,太仓（今江苏太仓）
王衡,字,辰玉
王衡,号,缑山
王衡,所处时代,明
王衡,籍贯,太仓（今江苏太仓）
王衡,父子,王锡爵
高攀龙,号,景逸
高攀龙,所处时代,明
高攀龙,籍贯,无锡（今江苏无锡）
孙慎行,字,闻斯
孙慎行,所处时代,明
孙慎行,籍贯,江苏武进
孙慎行,擅长书体,行书
李日华,字,君实
李日华,号,九疑
李日华,所处时代,明
李日华,籍贯,嘉兴（今浙江嘉兴）
程嘉燧,字,孟阳
程嘉燧,所处时代,明
程嘉燧,籍贯,休宁（今安徽休宁）
程嘉燧,好友,唐时升
程嘉燧,好友,娄坚
程嘉燧,好友,李流芳
张瑞图,字,无画
张瑞图,所处时代,明
张瑞图,籍贯,福建晋江
张瑞图,擅长书体,行书
张瑞图,好友,邢侗
张瑞图,好友,米万钟
张瑞图,师承,王献之
张瑞图,师承,孙过庭
米万钟,字,仲诏
米万钟,所处时代,明
米万钟,籍贯,关中（今陕西）
米万钟,擅长书体,行草
米万钟,好友,邢侗
米万钟,好友,张瑞图
文从简,字,彦可
文从简,号,枕烟老人
文从简,所处时代,明
文从简,籍贯,长洲（今江苏苏州）
文从简,父子,文元善
文震孟,字,文起
文震孟,所处时代,明
文震孟,籍贯,长洲（今江苏苏州）
文震孟,父子,文元发
文震孟,师承,文徵明
曹学佺,字,能始
曹学佺,所处时代,明
曹学佺,籍贯,侯官（今福建福州）
曹学佺,擅长书体,草书
归昌世,字,文休
归昌世,号,假庵
归昌世,所处时代,明
归昌世,籍贯,江苏昆山
归昌世,擅长书体,草书
归昌世,好友,李流芳
归昌世,好友,王志坚
李流芳,所处时代,明
李流芳,籍贯,歙县（今安徽歙县）
李流芳,好友,唐时升
李流芳,好友,娄坚
李流芳,好友,程嘉燧
严衍,号,拙道人
严衍,所处时代,明
严衍,籍贯,嘉定（今属上海市）
宋珏,字,比玉
宋珏,号,荔枝仙
宋珏,所处时代,明
宋珏,籍贯,莆田（今福建莆田）
俞琬纶,字,君宣
俞琬纶,所处时代,明
俞琬纶,籍贯,长洲（今江苏苏州）
俞琬纶,擅长书体,行草
俞琬纶,师承,王献之
眭嵩年,字,明永
眭嵩年,所处时代,明
眭嵩年,籍贯,江苏丹阳
眭嵩年,擅长书体,草书
眭嵩年,师承,怀素
黄道周,号,石斋
黄道周,所处时代,明
黄道周,籍贯,福建漳州
瞿式耜,字,起田
瞿式耜,所处时代,明
瞿式耜,籍贯,虞山（今江苏常熟）
瞿式耜,擅长书体,唐
瞿式耜,父子,瞿汝说
瞿式耜,兄弟,瞿式未
侯峒曾,字,豫瞻
侯峒曾,号,广咸
侯峒曾,所处时代,明
侯峒曾,籍贯,嘉定（今属上海市）
侯峒曾,父子,侯震旸
侯峒曾,兄弟,侯岐曾
倪元璐,号,鸿宝
倪元璐,所处时代,明
倪元璐,籍贯,浙江上虞
邵弥,所处时代,明
邵弥,籍贯,长洲（今江苏苏州）
邵弥,擅长书体,草书
邵弥,擅长书体,楷书
邵弥,好友,吴伟业
戴笠,所处时代,明
戴笠,籍贯,仁和（今浙江杭州）
杨文骢,字,龙友
杨文骢,所处时代,明
杨文骢,籍贯,贵阳（今属贵州）
杨文骢,好友,李流芳
陈洪绶,字,章侯
陈洪绶,所处时代,明
陈洪绶,籍贯,浙江诸暨
陈洪绶,好友,崔子忠
陈洪绶,受其影响,谢稚柳
王逢元,字,子新
王逢元,号,吉山
王逢元,所处时代,明
王逢元,籍贯,金陵（今江苏南京）
王逢元,父子,王钦佩
王逢元,师承,智永
王逢年,号,玄阳山人
王逢年,所处时代,明
王逢年,籍贯,昆山（今江苏昆山）
邢慈静,所处时代,明
邢慈静,籍贯,临邑（今山东临清）
邢慈静,兄弟,邢侗
邢慈静,师承,邢侗
杨明时,字,存吾
杨明时,所处时代,明
杨明时,籍贯,歙（今安徽歙县）
刘允明,字,以端
刘允明,号,古雪老人
刘允明,所处时代,明
刘允明,籍贯,浙江德清
许友,号,瓯香
许友,所处时代,明
许友,籍贯,侯官（今福建福州）
许光祚,字,灵长
许光祚,所处时代,明
许光祚,籍贯,仁和（今浙江杭州）
许光祚,好友,汤焕
严澍,字,道时
严澍,所处时代,明
严澍,籍贯,江苏常熟
严澍,父子,严讷
严澍,师承,虞世南
吴应卯,字,三江
吴应卯,所处时代,明
吴应卯,籍贯,江苏无锡
吴应卯,师承,祝允明
汪俊,字,抑之
汪俊,号,石潭
汪俊,所处时代,明
汪俊,籍贯,江西弋阳
陈元素,所处时代,明
陈元素,籍贯,长洲（今江苏苏州）
陈元素,师承,王献之
项穆,字,德纯
项穆,号,元贞
项穆,所处时代,明
项穆,籍贯,浙江嘉兴
项穆,父子,项元汴
徐兰,号,南塘
徐兰,所处时代,明
徐兰,籍贯,浙江宁波
徐兰,擅长书体,八分
徐兰,师承,蔡邕
黄辉,所处时代,明
黄辉,籍贯,四川南充
黄辉,擅长书体,行书
詹景凤,字,东图
詹景凤,所处时代,明
詹景凤,籍贯,安徽休宁
詹景凤,师承,王献之
蒋明凤,字,羽灵
蒋明凤,号,苏湾
蒋明凤,所处时代,明
蒋明凤,籍贯,浙江长兴
蒋明凤,师承,孙过庭
蒋明凤,师承,孙过庭
周叔宗,所处时代,明
周叔宗,籍贯,松陵（今江苏吴江）
周叔宗,师承,王献之
周叔宗,师承,祝允明
史可法,字,宪之
史可法,号,道邻
史可法,所处时代,明
史可法,籍贯,大兴（今河北大兴）
祁彪佳,所处时代,明
祁彪佳,籍贯,山阴（今浙江绍兴）
万寿祺,字,介石
万寿祺,所处时代,明
万寿祺,籍贯,江苏徐州
李待问,字,存我
李待问,所处时代,明
李待问,籍贯,华亭（今上海松江）
黄淳耀,字,蕴生
黄淳耀,所处时代,明
黄淳耀,籍贯,嘉定（今属上海市）
屈大均,所处时代,清
屈大均,籍贯,番禺（今广东广州）
屈大均,擅长书体,行草
屈大均,擅长书体,隶书
屈大均,好友,梁佩兰
屈大均,好友,陈恭尹
吴孔嘉,字,元会
吴孔嘉,所处时代,明
吴孔嘉,籍贯,歙县（今安徽歙县）
钱谦益,字,受之
钱谦益,所处时代,清
钱谦益,籍贯,江苏常熟
钱谦益,好友,吴伟业
钱谦益,好友,龚鼎孳
钱谦益,师承,王献之
王时敏,字,逊之
王时敏,所处时代,清
王时敏,籍贯,江苏太仓
王时敏,擅长书体,隶书
王时敏,父子,王衡
王时敏,同好,王鉴
王时敏,同好,王翚
王时敏,同好,王原祁
王铎,号,嵩樵
王铎,所处时代,清
王铎,籍贯,孟津（今属河南）
王铎,师承,王献之
王铎,师承,张旭
王铎,师承,柳公权
孙承泽,所处时代,清
孙承泽,籍贯,山东益都
普荷,号,担当
普荷,所处时代,清
普荷,籍贯,云南晋宁
祁豸佳,字,止祥
祁豸佳,号,雪瓢
祁豸佳,所处时代,清
祁豸佳,籍贯,山阴（今浙江绍兴）
王鉴,所处时代,清
王鉴,籍贯,江苏太仓
王鉴,同好,王时敏
王鉴,同好,王翚
王鉴,同好,王原祁
金俊明,字,孝章
金俊明,所处时代,清
金俊明,籍贯,吴县（今江苏苏州）
金俊明,擅长书体,行草
程正揆,字,端伯
程正揆,所处时代,清
程正揆,籍贯,湖北孝感
傅山,所处时代,清
傅山,籍贯,阳曲（今属山西）
傅山,擅长书体,草书
傅山,师承,王献之
程邃,所处时代,清
程邃,籍贯,安徽歙县
王光承,所处时代,清
王光承,籍贯,华亭（今上海松江）
王光承,擅长书体,草书
方以智,所处时代,清
方以智,籍贯,安徽桐城
方以智,好友,陈贞慧
方以智,好友,冒襄
方以智,好友,侯方域
方以智,师承,王献之
方以智,师承,张旭
方以智,师承,怀素
冒襄,字,辟疆
冒襄,所处时代,清
冒襄,籍贯,江苏如皋
冒襄,父子,冒起宗
冒襄,好友,陈贞慧
冒襄,好友,方以智
冒襄,好友,侯方域
黄周星,所处时代,清
黄周星,籍贯,上元（今南京）
杜濬,所处时代,清
杜濬,籍贯,湖北黄冈
周亮工,所处时代,清
周亮工,籍贯,河南祥符
法若真,字,汉儒
法若真,所处时代,清
法若真,籍贯,胶州（今山东胶县）
顾炎武,字,宁人
顾炎武,号,亭林
顾炎武,所处时代,清
顾炎武,籍贯,江苏昆山
归庄,所处时代,清
归庄,籍贯,江苏昆山
归庄,父子,归昌世
龚鼎孳,字,孝升
龚鼎孳,号,芝麓
龚鼎孳,所处时代,清
龚鼎孳,籍贯,安徽合肥
龚鼎孳,擅长书体,行书
龚鼎孳,好友,钱谦益
龚鼎孳,好友,吴伟业
查士标,字,二瞻
查士标,所处时代,清
查士标,籍贯,海阳（今安徽休宁）
查士标,好友,弘仁
查士标,好友,孙逸
查士标,好友,汪之瑞
龚贤,字,半千
龚贤,所处时代,清
龚贤,籍贯,江苏昆山
龚贤,擅长书体,行草
龚贤,师承,王献之
尤侗,所处时代,清
尤侗,籍贯,长洲（今江苏苏州）
宋曹,号,射陵
宋曹,所处时代,清
宋曹,籍贯,江苏盐城
宋曹,师承,王献之
吕潜,所处时代,清
吕潜,籍贯,四川遂宁
吕潜,擅长书体,行书
郑簠,字,汝器
郑簠,所处时代,清
郑簠,籍贯,上元（今江苏南京）
郑簠,师承,宋比玉
郑簠,受其影响,万经
徐枋,字,昭法
徐枋,所处时代,清
徐枋,籍贯,吴县（今江苏苏州）
徐枋,擅长书体,行草
徐枋,师承,孙过庭
王弘撰,所处时代,清
王弘撰,籍贯,陕西华阴
梅清,所处时代,清
梅清,籍贯,安徽宣城
梅清,师承,杨凝式
梅清,兄弟,梅庚
梅清,好友,石涛
梅清,师承,杨凝式
笪重光,字,在辛
笪重光,所处时代,清
笪重光,籍贯,江苏句容
笪重光,好友,姜宸英
笪重光,好友,汪士鋐
笪重光,好友,何焯
笪重光,受其影响,王文治
毛奇龄,所处时代,清
毛奇龄,籍贯,浙江萧山
毛奇龄,兄弟,毛万龄
毛奇龄,师承,王献之
吴山涛,字,岱观
吴山涛,所处时代,清
吴山涛,籍贯,钱塘（今浙江杭州）
沈荃,字,贞蕤
沈荃,所处时代,清
沈荃,籍贯,华亭（今上海松江）
汪琬,字,苕文
汪琬,所处时代,清
汪琬,籍贯,长洲（今江苏苏州）
汪琬,好友,魏禧
汪琬,好友,侯方域
朱耷,所处时代,清
朱耷,籍贯,南昌（今属江西）
朱耷,好友,原济
朱耷,好友,弘仁
朱耷,好友,髡残
朱耷,师承,王献之
姜宸英,字,西溟
姜宸英,所处时代,清
姜宸英,籍贯,浙江慈溪
姜宸英,好友,朱彝尊
姜宸英,好友,严绳孙
姜宸英,同好,汪士鋐
姜宸英,师承,虞世南
朱彝尊,字,锡鬯
朱彝尊,所处时代,清
朱彝尊,籍贯,秀水（今浙江嘉兴）
朱彝尊,好友,姜宸英
朱彝尊,好友,严绳孙
陈恭尹,字,元孝
陈恭尹,所处时代,清
陈恭尹,籍贯,广东顺德
陈恭尹,父子,陈邦彦
陈恭尹,好友,屈大均
陈恭尹,好友,梁佩兰
梁佩兰,字,芝五
梁佩兰,号,药亭
梁佩兰,所处时代,清
梁佩兰,籍贯,南海（今广州）
梁佩兰,好友,屈大均
梁佩兰,好友,陈恭尹
宋荦,字,牧仲
宋荦,所处时代,清
宋荦,籍贯,河南商丘
宋荦,师承,王献之
王士禛,所处时代,清
王士禛,籍贯,山东新城
王士禛,好友,朱彝尊
福临,字,山臆
福临,所处时代,清
福临,籍贯,满洲
孙岳颁,字,云韶
孙岳颁,所处时代,清
孙岳颁,籍贯,吴县（今江苏苏州）
梅庚,所处时代,清
梅庚,籍贯,安徽宣城
梅庚,兄弟,梅清
原济（石涛）,所处时代,清
原济（石涛）,籍贯,广西全州
原济（石涛）,好友,弘仁
原济（石涛）,好友,髡残
原济（石涛）,好友,朱耷
原济（石涛）,师承,倪瓒
吴雯,字,天章
吴雯,号,莲洋
吴雯,所处时代,清
吴雯,籍贯,辽宁辽阳 籍山西蒲州
王鸿绪,字,季友
王鸿绪,所处时代,清
王鸿绪,籍贯,华亭（今上海松江）
王鸿绪,父子,王广心
王概,所处时代,清
王概,籍贯,秀水（今浙江嘉兴）
王概,擅长书体,行书
高士奇,字,澹人
高士奇,所处时代,清
高士奇,籍贯,浙江平湖
程京萼,字,韦华
程京萼,号,祓斋
程京萼,所处时代,清
程京萼,籍贯,上元（今江苏南京）
彭定求,所处时代,清
彭定求,籍贯,长洲（今江苏苏州）
彭定求,擅长书体,行书
姜实节,所处时代,清
姜实节,籍贯,山东莱阳
陈奕禧,所处时代,清
陈奕禧,籍贯,浙江海宁
杨宾,字,可师
杨宾,所处时代,清
杨宾,籍贯,山阴（今浙江绍兴）
杨宾,受其影响,蒋衡
查昇,字,仲韦
查昇,所处时代,清
查昇,籍贯,浙江海宁
查昇,好友,查慎行
查昇,好友,朱自恒
查慎行,所处时代,清
查慎行,籍贯,浙江海宁
查慎行,好友,查昇
查慎行,好友,朱自恒
查慎行,师承,王献之
玄烨,所处时代,清
玄烨,父子,福临
徐用锡,号,昼堂
徐用锡,所处时代,清
徐用锡,籍贯,江苏宿迁
汪士鋐,字,文升
汪士鋐,所处时代,清
汪士鋐,籍贯,长洲（今江苏苏州）
汪士鋐,好友,姜宸英
汪士鋐,受其影响,朱稻孙
万经,字,授一
万经,号,九沙
万经,所处时代,清
万经,籍贯,浙江鄞县
万经,擅长书体,隶书
万经,父子,万斯大
万经,师承,郑簠
林佶,字,吉人
林佶,所处时代,清
林佶,籍贯,福建侯官
林佶,兄弟,林侗
高其佩,字,韦之
高其佩,所处时代,清
高其佩,籍贯,铁岭
何焯,字,屺瞻
何焯,所处时代,清
何焯,籍贯,长洲（今江苏苏州）
何焯,好友,姜宸英
何焯,好友,汪士鋐
何焯,好友,陈奕禧
何焯,受其影响,邵暽
陈鹏年,字,北溟
陈鹏年,号,沧洲
陈鹏年,所处时代,清
陈鹏年,籍贯,湖南湘潭
陈鹏年,师承,孙过庭
王澍,所处时代,清
王澍,籍贯,江苏金坛
王澍,擅长书体,楷书
王澍,擅长书体,篆书
王澍,师承,李斯
汪绎,字,玉轮
汪绎,号,东山
汪绎,所处时代,清
汪绎,籍贯,江苏常熟
汪绎,师承,王献之
蒋衡,所处时代,清
蒋衡,籍贯,江苏金坛
蒋衡,师承,杨宾
陈邦彦,字,世南
陈邦彦,所处时代,清
陈邦彦,籍贯,浙江海宁
陈邦彦,擅长书体,行草
陈邦彦,师承,王献之
朱稻孙,字,稼翁
朱稻孙,所处时代,清
朱稻孙,籍贯,秀水（今浙江嘉兴）
朱稻孙,师承,柳公权
朱稻孙,师承,汪士鋐
华嵒,所处时代,清
华嵒,籍贯,福建上杭
华嵒,师承,王献之
华嵒,师承,虞世南
高凤翰,字,西园
高凤翰,所处时代,清
高凤翰,籍贯,胶州（今山东胶县）
高凤翰,同好,金农
高凤翰,同好,郑燮
高凤翰,同好,汪士慎
李鱓,字,宗扬
李鱓,所处时代,清
李鱓,籍贯,江苏兴化
李鱓,同好,金农
李鱓,同好,郑燮
李鱓,同好,汪士慎
李鱓,师承,柳公权
汪士慎,所处时代,清
汪士慎,籍贯,安徽休宁
汪士慎,擅长书体,隶书
汪士慎,同好,金农
汪士慎,同好,郑燮
汪士慎,同好,李鱓
汪士慎,受其影响,金农
金农,所处时代,清
金农,籍贯,仁和（今浙江杭州）
金农,同好,郑燮
金农,同好,李鱓
金农,同好,汪士慎
金农,开创流派,漆书
金农,师承,汪士慎
黄慎,号,瘿瓢
黄慎,所处时代,清
黄慎,籍贯,福建宁化
黄慎,擅长书体,草书
黄慎,同好,金农
黄慎,同好,郑燮
黄慎,同好,汪士慎
黄慎,师承,怀素
高翔,字,凤冈
高翔,所处时代,清
高翔,籍贯,甘泉（今江苏扬州）
高翔,同好,金农
高翔,同好,郑燮
高翔,同好,汪士慎
张照,字,得天
张照,所处时代,清
张照,籍贯,华亭（今上海松江）
张照,受其影响,梁巘
张照,受其影响,孔继涑
汪由敦,所处时代,清
汪由敦,籍贯,安徽休宁
郑燮（郑板桥）,字,克柔
郑燮（郑板桥）,号,板桥
郑燮（郑板桥）,所处时代,清
郑燮（郑板桥）,籍贯,江苏兴化
郑燮（郑板桥）,同好,金农
郑燮（郑板桥）,同好,李鱓
郑燮（郑板桥）,同好,汪士慎
郑燮（郑板桥）,开创流派,六分半书
丁敬,字,敬身
丁敬,所处时代,清
丁敬,籍贯,钱塘（今浙江杭州）
丁敬,受其影响,张燕昌
惠栋,字,定宇
惠栋,所处时代,清
惠栋,籍贯,元和（今江苏苏州）
惠栋,父子,周士奇
杨法,字,已军
杨法,所处时代,清
杨法,籍贯,上元（今江苏南京）
杨法,擅长书体,草书
马世俊,字,章民
马世俊,号,甸臣
马世俊,所处时代,清
马世俊,籍贯,江苏溧阳
方亨咸,所处时代,清
方亨咸,籍贯,安徽桐城
王图炳,字,瀓川
王图炳,所处时代,清
王图炳,籍贯,华亭（今上海松江）
王图炳,父子,王顼龄
米汉雯,字,紫来
米汉雯,所处时代,清
米汉雯,籍贯,宛平（今北京）
黄树穀,字,培之
黄树穀,所处时代,清
黄树穀,籍贯,仁和（今浙江杭州）
黄树穀,擅长书体,八分
黄树穀,父子,黄易
黄树穀,好友,张照
蒋溥,字,质甫
蒋溥,号,恒轩
蒋溥,所处时代,清
蒋溥,籍贯,江苏常熟
蒋溥,父子,蒋廷锡
弘历,所处时代,清
弘历,父子,胤禛
徐坚,字,孝先
徐坚,所处时代,清
徐坚,籍贯,江苏吴县
徐坚,擅长书体,隶书
袁枚,字,子才
袁枚,所处时代,清
袁枚,籍贯,钱塘（今浙江杭州）
袁枚,好友,赵翼
袁枚,好友,蒋士铨
陆飞,字,起潜
陆飞,号,筱饮
陆飞,所处时代,清
陆飞,籍贯,仁和（今浙江杭州）
周於礼,号,亦园
周於礼,所处时代,清
周於礼,籍贯,云南嵋峨
童钰,所处时代,清
童钰,籍贯,山阴（今浙江绍兴）
江声,号,艮庭
江声,所处时代,清
江声,籍贯,仁和（今浙江杭州）
江声,受其影响,俞樾
王鸣盛,字,凤喈
王鸣盛,所处时代,清
王鸣盛,籍贯,嘉定（今属上海市）
王鸣盛,擅长书体,隶书
王鸣盛,擅长书体,楷书
王鸣盛,擅长书体,行书
梁同书,字,元颖
梁同书,所处时代,清
梁同书,籍贯,钱塘（今浙江杭州）
梁同书,擅长书体,行草
梁同书,好友,翁方纲
梁同书,好友,王文治
梁同书,师承,柳公权
戴震,所处时代,清
戴震,籍贯,安徽休宁
王昶,所处时代,清
王昶,籍贯,青浦（今属上海市）
蒋士铨,所处时代,清
蒋士铨,籍贯,江西铅山
蒋士铨,好友,袁枚
蒋士铨,好友,赵翼
程瑶田,所处时代,清
程瑶田,籍贯,安徽歙县
程瑶田,擅长书体,隶书
孔继涑,所处时代,清
孔继涑,籍贯,山东曲阜
孔继涑,父子,孔传铎
孔继涑,师承,虞世南
孔继涑,师承,张照
钱大昕,所处时代,清
钱大昕,籍贯,嘉定（今属上海市）
钱大昕,父子,钱玉炯
钱大昕,受其影响,吴东发
朱筠,字,美叔
朱筠,所处时代,清
朱筠,籍贯,顺天大兴
朱筠,兄弟,朱珪
朱筠,受其影响,洪亮吉
朱筠,受其影响,黄景仁
王文治,字,禹卿
王文治,号,梦楼
王文治,所处时代,清
王文治,籍贯,丹徒（今江苏镇江）
王文治,好友,翁方纲
王文治,好友,梁同书
王文治,师承,王献之
王文治,师承,张即之
王文治,师承,笪重光
毕沅,号,灵岩山人
毕沅,所处时代,清
毕沅,籍贯,镇洋（今江苏太仓）
姚鼐,号,惜抱
姚鼐,所处时代,清
姚鼐,籍贯,安徽桐城
姚鼐,师承,王献之
冯洽,字,虞伯
冯洽,号,秋鹤
冯洽,所处时代,清
冯洽,籍贯,浙江桐乡
冯洽,师承,王献之
翁方纲,字,正三
翁方纲,所处时代,清
翁方纲,籍贯,直隶大兴
翁方纲,师承,虞世南
翁方纲,好友,梁同书
翁方纲,好友,王文治
翁方纲,师承,虞世南
翁方纲,受其影响,凌廷堪
翁方纲,受其影响,翁淑培
段玉裁,字,若膺
段玉裁,所处时代,清
段玉裁,籍贯,江苏金坛
桂馥,所处时代,清
桂馥,籍贯,山东曲阜
桂馥,擅长书体,隶书
桂馥,同好,伊秉绶
桂馥,受其影响,翟云升
钱伯坰,字,鲁斯
钱伯坰,所处时代,清
钱伯坰,籍贯,阳湖（今江苏常州）
钱伯坰,师承,徐浩
冯金伯,所处时代,清
冯金伯,籍贯,江苏南汇
张燕昌,字,芑堂
张燕昌,所处时代,清
张燕昌,籍贯,浙江海盐
张燕昌,师承,丁敬
张燕昌,受其影响,张开福
钱沣,所处时代,清
钱沣,籍贯,云南昆明
钱沣,受其影响,翁同龢
钱沣,受其影响,谭延闿
钱沣,受其影响,谭泽闿
董洵,字,企泉
董洵,所处时代,清
董洵,籍贯,山阴（今浙江绍兴）
蒋仁,字,阶平
蒋仁,所处时代,清
蒋仁,籍贯,仁和（今浙江杭州）
蒋仁,师承,杨凝式
蒋仁,好友,丁敬
蒋仁,好友,黄易
蒋仁,好友,奚冈
蒋仁,师承,王献之
蒋仁,师承,孙过庭
蒋仁,师承,杨凝式
邓石如,所处时代,清
邓石如,籍贯,安徽怀宁
邓石如,师承,李斯
邓石如,师承,李阳冰
邓石如,受其影响,包世臣
邓石如,受其影响,邓传密
邓石如,受其影响,吴让之
邓石如,受其影响,赵之谦
邓石如,受其影响,吴昌硕
巴慰祖,所处时代,清
巴慰祖,籍贯,歙（今安徽歙县）
巴慰祖,擅长书体,隶书
巴慰祖,受其影响,胡唐
钱坫,字,献之
钱坫,所处时代,清
钱坫,籍贯,嘉定（今属上海市）
钱坫,擅长书体,篆书
钱坫,兄弟,钱大昕
钱坫,师承,李阳冰
钱坫,受其影响,易均室
黄易,字,大易
黄易,所处时代,清
黄易,籍贯,仁和（今浙江杭州）
黄易,父子,黄树穀
黄易,好友,丁敬
黄易,好友,蒋仁
黄易,好友,奚冈
奚冈,所处时代,清
奚冈,籍贯,钱塘（今浙江杭州）
奚冈,好友,丁敬
奚冈,好友,黄易
奚冈,好友,蒋仁
洪亮吉,字,穉存
洪亮吉,所处时代,清
洪亮吉,籍贯,阳湖（今江苏常州）
洪亮吉,好友,孙星衍
洪亮吉,师承,李阳冰
赵魏,字,恪生
赵魏,号,晋斋
赵魏,所处时代,清
赵魏,籍贯,仁和（今浙江杭州）
马履泰,所处时代,清
马履泰,籍贯,仁和（今浙江杭州）
赵怀玉,所处时代,清
赵怀玉,籍贯,武进（今江苏常州）
赵怀玉,好友,孙星衍
赵怀玉,好友,洪亮吉
赵怀玉,好友,黄景仁
冯敏昌,字,伯求
冯敏昌,号,鱼山
冯敏昌,所处时代,清
冯敏昌,籍贯,广东钦州
冯敏昌,好友,张锦芳
冯敏昌,好友,吴亦常
冯敏昌,师承,王献之
吴东发,字,侃叔
吴东发,所处时代,清
吴东发,籍贯,浙江海盐
黄钺,所处时代,清
黄钺,籍贯,安徽当涂
黄钺,擅长书体,行草
江德量,所处时代,清
江德量,籍贯,江苏仪征
江德量,擅长书体,隶书
江德量,父子,江恂
永瑆,所处时代,清
永瑆,父子,弘历
永瑆,好友,翁方纲
永瑆,好友,铁保
铁保,字,冶亭
铁保,所处时代,清
铁保,籍贯,满洲正黄旗
铁保,师承,孙过庭
铁保,好友,百龄
铁保,好友,法式善
铁保,师承,怀素
铁保,师承,孙过庭
陈鳣,字,仲鱼
陈鳣,所处时代,清
陈鳣,籍贯,浙江海宁
法式善,字,开文
法式善,所处时代,清
法式善,籍贯,内务府正黄旗
法式善,好友,百龄
法式善,好友,铁保
孙星衍,号,渊如
孙星衍,所处时代,清
孙星衍,籍贯,阳湖（今江苏常州）
孙星衍,好友,洪亮吉
伊秉绶,字,组似
伊秉绶,号,墨卿
伊秉绶,所处时代,清
伊秉绶,籍贯,福建宁化
伊秉绶,好友,桂馥
伊秉绶,师承,李东阳
伊秉绶,受其影响,伊念曾
伊秉绶,受其影响,伊立勳
伊秉绶,受其影响,黄葆戉
王芑孙,所处时代,清
王芑孙,籍贯,长洲（今江苏苏州）
王芑孙,好友,曹贞秀
吴鼒,所处时代,清
吴鼒,籍贯,安徽全椒
凌廷堪,字,次仲
凌廷堪,号,双路
凌廷堪,所处时代,清
凌廷堪,籍贯,歙（今安徽歙县）
凌廷堪,师承,翁方纲
石韫玉,所处时代,清
石韫玉,籍贯,吴县（今江苏苏州）
郝懿行,字,恂九
郝懿行,号,兰皋
郝懿行,所处时代,清
郝懿行,籍贯,山东栖霞
郝懿行,师承,虞世南
郝懿行,师承,虞世南
胡唐,字,西甫
胡唐,号,城东居士
胡唐,所处时代,清
胡唐,籍贯,安徽歙县
胡唐,擅长书体,篆书
胡唐,好友,巴慰祖
钱泳,所处时代,清
钱泳,籍贯,江苏金匮
钱泳,擅长书体,隶书
钮树玉,所处时代,清
钮树玉,籍贯,吴县
曾燠,字,庶蕃
曾燠,所处时代,清
曾燠,籍贯,江西南城
张惠言,字,皋文
张惠言,号,茗柯
张惠言,所处时代,清
张惠言,籍贯,武进
张惠言,擅长书体,篆书
张惠言,师承,李阳冰
纪大复,字,子初
纪大复,所处时代,清
纪大复,籍贯,上海
严可均,字,景文
严可均,号,铁桥
严可均,所处时代,清
严可均,籍贯,浙江乌程
严可均,擅长书体,篆书
陈豫钟,字,浚仪
陈豫钟,号,秋堂
陈豫钟,所处时代,清
陈豫钟,籍贯,钱塘
陈豫钟,好友,陈鸿
陈豫钟,好友,丁敬
陈豫钟,好友,蒋仁
陈豫钟,好友,黄易
陈豫钟,好友,奚冈
陈豫钟,师承,李阳冰
陈豫钟,受其影响,赵之琛
曹贞秀,字,墨琴
曹贞秀,号,写韵轩
曹贞秀,所处时代,清
曹贞秀,籍贯,安徽休宁
曹贞秀,父子,曹锐
曹贞秀,好友,王芑孙
阮元,字,伯元
阮元,所处时代,清
阮元,籍贯,江苏仪征
阮元,受其影响,阮常生
朱昂之,所处时代,清
朱昂之,籍贯,江苏武进
朱昂之,父子,朱文嵘
钱杜,号,松壶
钱杜,所处时代,清
钱杜,籍贯,仁和
钱杜,师承,虞世南
钱杜,师承,虞世南
张问陶,所处时代,清
张问陶,籍贯,四川遂宁
翁树培,字,宜泉
翁树培,号,申之
翁树培,所处时代,清
翁树培,籍贯,顺天大兴
翁树培,父子,翁方纲
翁树培,师承,翁方纲
陈希祖,所处时代,清
陈希祖,籍贯,江西新城
郭麐,字,祥伯
郭麐,所处时代,清
郭麐,籍贯,江苏吴江
张廷济,所处时代,清
张廷济,籍贯,浙江嘉兴
张廷济,好友,徐同柏
张廷济,受其影响,徐同柏
陈鸿寿,字,子恭
陈鸿寿,号,曼生
陈鸿寿,所处时代,清
陈鸿寿,籍贯,钱塘
陈鸿寿,擅长书体,隶书
陈鸿寿,父子,陈士璠
陈鸿寿,好友,陈豫钟
陈鸿寿,好友,丁敬
陈鸿寿,好友,蒋仁
陈鸿寿,好友,黄易
陈鸿寿,好友,奚冈
陈鸿寿,受其影响,高日濬
江沅,所处时代,清
江沅,籍贯,江苏元和
江沅,擅长书体,小篆
江沅,父子,江鏐
江沅,师承,江声
李兆洛,字,申耆
李兆洛,号,养一老人
李兆洛,所处时代,清
李兆洛,籍贯,江苏阳湖
张鏐,所处时代,清
张鏐,籍贯,江苏扬州
高垲,字,子高
高垲,号,爽泉
高垲,所处时代,清
高垲,籍贯,钱塘
瞿中溶,所处时代,清
瞿中溶,籍贯,嘉定
瞿中溶,好友,钱大昕
李宗瀚,号,春湖
李宗瀚,所处时代,清
李宗瀚,籍贯,临川
李宗瀚,师承,虞世南
李宗瀚,师承,虞世南
朱为弼,字,右甫
朱为弼,号,椒堂
朱为弼,所处时代,清
朱为弼,籍贯,浙江平湖
吴荣光,所处时代,清
吴荣光,籍贯,广东南海
改琦,字,伯蕴
改琦,所处时代,清
改琦,籍贯,松江
姚元之,字,伯昂
姚元之,所处时代,清
姚元之,籍贯,安徽桐城
梁章钜,所处时代,清
梁章钜,籍贯,福建长乐
徐同柏,字,籀庄
徐同柏,号,寿臧
徐同柏,所处时代,清
徐同柏,籍贯,浙江嘉兴
徐同柏,好友,张廷济
徐同柏,师承,张廷济
包世臣,字,慎伯
包世臣,号,倦翁
包世臣,所处时代,清
包世臣,籍贯,安徽泾县
包世臣,师承,王献之
包世臣,师承,孙过庭
包世臣,师承,邓石如
包世臣,受其影响,吴让之
包世臣,受其影响,沈曾植
翟云升,字,文泉
翟云升,号,舜堂
翟云升,所处时代,清
翟云升,籍贯,山东东莱
翟云升,擅长书体,隶书
翟云升,师承,桂馥
孙均,字,诒孙
孙均,号,古云
孙均,所处时代,清
孙均,籍贯,仁和
钱侗,字,同人
钱侗,号,赵堂
钱侗,所处时代,清
钱侗,籍贯,嘉定
钱侗,兄弟,钱大昕
汤贻汾,字,若仪
汤贻汾,所处时代,清
汤贻汾,籍贯,武进
汤贻汾,好友,戴熙
陈均,字,敬安
陈均,号,受笙
陈均,所处时代,清
陈均,籍贯,浙江海宁
屠倬,字,孟昭
屠倬,所处时代,清
屠倬,籍贯,钱塘
赵之琛,字,次闲
赵之琛,号,献父
赵之琛,所处时代,清
赵之琛,籍贯,钱塘
赵之琛,擅长书体,隶书
赵之琛,好友,陈豫钟
赵之琛,好友,丁敬
赵之琛,好友,蒋仁
赵之琛,好友,黄易
赵之琛,好友,奚冈
赵之琛,好友,陈鸿寿
赵之琛,师承,陈豫钟
赵之琛,受其影响,赵懿
杨澥,字,竹唐
杨澥,所处时代,清
杨澥,籍贯,江苏吴江
冯登府,字,云伯
冯登府,所处时代,清
冯登府,籍贯,浙江嘉兴
林则徐,号,竢村老人
林则徐,所处时代,清
林则徐,籍贯,福建侯官
郭尚先,所处时代,清
郭尚先,籍贯,福建莆田
冯承辉,号,梅花画隐
冯承辉,所处时代,清
冯承辉,籍贯,江苏娄县
伊念曾,字,少沂
伊念曾,号,梅石
伊念曾,所处时代,清
伊念曾,籍贯,福建宁化
伊念曾,父子,伊秉绶
伊念曾,师承,伊秉绶
翁心存,字,二铭
翁心存,号,邃庵
翁心存,所处时代,清
翁心存,籍贯,江苏常熟
翁心存,父子,翁同龢
翁心存,兄弟,翁同书
翁心存,兄弟,翁同爵
翁心存,受其影响,翁同龢
达受,号,万峰退叟
达受,所处时代,清
达受,籍贯,浙江海宁
达受,师承,马傅岩
梅植之,字,蕴生
梅植之,所处时代,清
梅植之,籍贯,江都
梅植之,好友,吴熙载
梅植之,师承,包世臣
邓传密,字,守之
邓传密,所处时代,清
邓传密,籍贯,安徽怀宁
邓传密,父子,邓石如
邓传密,师承,邓石如
何绍基,字,子贞
何绍基,所处时代,清
何绍基,籍贯,湖南道州
何绍基,擅长书体,隶书
何绍基,擅长书体,草书
何绍基,父子,何凌汉
何绍基,师承,欧阳通
何绍基,师承,钱沣
何绍基,受其影响,杨翰
何绍基,受其影响,翁同龢
何绍基,受其影响,谭延闿
何绍基,受其影响,谭泽闿
叶志诜,字,东卿
叶志诜,所处时代,清
叶志诜,籍贯,湖北汉阳
吴熙载,字,熙载
吴熙载,所处时代,清
吴熙载,籍贯,江苏仪征
吴熙载,师承,邓石如
吴熙载,师承,包世臣
吴熙载,受其影响,吴昌硕
吴熙载,受其影响,赵叔孺
叶天赐,字,以端
叶天赐,号,古雪老人
叶天赐,所处时代,清
叶天赐,籍贯,歙县
邵暽,字,鄂亭
邵暽,所处时代,清
邵暽,籍贯,昭文
邵暽,师承,王献之
邵暽,师承,孙过庭
邵暽,师承,何焯
赵秉冲,字,谦士
赵秉冲,号,研怀
赵秉冲,所处时代,清
赵秉冲,籍贯,上海
梁巘,号,松斋
梁巘,所处时代,清
梁巘,籍贯,安徽亳州
梁巘,好友,梁同书
梁巘,师承,张照
沙神芝,字,笠甫
沙神芝,所处时代,清
沙神芝,籍贯,浙江嘉兴
沙神芝,擅长书体,草书
沙神芝,父子,沙青岩
沙神芝,师承,怀素
陆绍曾,字,贯夫
陆绍曾,号,白斋
陆绍曾,所处时代,清
陆绍曾,籍贯,吴县
陆绍曾,擅长书体,八分
陆绍曾,好友,张燕昌
高日濬,字,犀泉
高日濬,所处时代,清
高日濬,籍贯,钱塘
高日濬,好友,陈鸿寿
高日濬,师承,陈鸿寿
吴育,字,山子
吴育,所处时代,清
吴育,籍贯,江苏吴江
戴熙,字,醇士
戴熙,所处时代,清
戴熙,籍贯,钱塘
戴熙,好友,汤贻汾
张熊,字,子祥
张熊,号,鸳湖外史
张熊,所处时代,清
张熊,籍贯,秀水
张熊,好友,任熊
张熊,好友,朱熊
钱松,字,叔盖
钱松,所处时代,清
钱松,籍贯,钱塘
钱松,好友,丁敬
钱松,好友,蒋仁
钱松,好友,黄易
钱松,好友,奚冈
钱松,好友,陈豫钟
钱松,好友,陈鸿寿
钱松,好友,赵之琛
钱松,受其影响,胡震
冯桂芬,字,景亭
冯桂芬,号,林一
冯桂芬,所处时代,清
冯桂芬,籍贯,吴县
冯桂芬,师承,虞世南
冯桂芬,师承,虞世南
陈澧,字,兰甫
陈澧,号,东塾先生
陈澧,所处时代,清
陈澧,籍贯,番禺
吴云,字,少甫
吴云,所处时代,清
吴云,籍贯,安徽歙县
莫友芝,字,子偲
莫友芝,所处时代,清
莫友芝,籍贯,贵州独山
莫友芝,父子,莫与俦
莫友芝,好友,郑珍
曾国藩,字,涤生
曾国藩,号,伯涵
曾国藩,所处时代,清
曾国藩,籍贯,湖南湘乡
曾国藩,师承,柳公权
曾国藩,受其影响,曾纪泽
曾国藩,受其影响,吴大澂
左宗棠,所处时代,清
左宗棠,籍贯,湘南湘阴
左宗棠,擅长书体,小篆
左宗棠,擅长书体,行草
左宗棠,师承,柳公权
杨翰,所处时代,清
杨翰,籍贯,直隶新城
杨翰,擅长书体,行书
杨翰,师承,何绍基
杨沂孙,字,子与
杨沂孙,所处时代,清
杨沂孙,籍贯,江苏常熟
杨沂孙,擅长书体,小篆
杨沂孙,师承,柳公权
杨沂孙,师承,邓石如
杨沂孙,受其影响,吴昌硕
杨沂孙,受其影响,黄牧甫
陈介祺,字,寿卿
陈介祺,号,簠斋
陈介祺,所处时代,清
陈介祺,籍贯,山东潍县
吴咨,号,适园
吴咨,所处时代,清
吴咨,籍贯,武进
吴咨,师承,邓石如
胡震,字,不恐
胡震,所处时代,清
胡震,籍贯,浙江富阳
胡震,擅长书体,隶书
胡震,擅长书体,行书
胡震,好友,钱松
杨岘,所处时代,清
杨岘,籍贯,归安
杨岘,擅长书体,隶书
杨岘,擅长书体,行书
杨岘,受其影响,吴昌硕
周闲,号,范湖居士
周闲,所处时代,清
周闲,籍贯,秀水
俞樾,字,荫甫
俞樾,号,曲园居士
俞樾,所处时代,清
俞樾,籍贯,浙江德清
俞樾,师承,江声
俞樾,受其影响,章炳麟
李鸿章,字,少荃
李鸿章,所处时代,清
李鸿章,籍贯,安徽合肥
张裕钊,字,廉卿
张裕钊,号,廉亭
张裕钊,所处时代,清
张裕钊,籍贯,湖北武昌
张裕钊,受其影响,张謇
张裕钊,受其影响,官岛咏士
胡澍,号,石生
胡澍,所处时代,清
胡澍,籍贯,安徽绩溪
胡澍,擅长书体,篆书
胡澍,师承,邓石如
徐三庚,字,辛穀
徐三庚,所处时代,清
徐三庚,籍贯,浙江上虞
徐三庚,受其影响,赵之谦
赵之谦,字,益甫
赵之谦,所处时代,清
赵之谦,籍贯,会稽
赵之谦,好友,沈树镛
赵之谦,师承,邓石如
赵之谦,受其影响,何澂
赵之谦,受其影响,赵叔孺
翁同龢,字,叔平
翁同龢,所处时代,清
翁同龢,籍贯,江苏常熟
翁同龢,父子,翁心存
翁同龢,兄弟,翁同书
翁同龢,兄弟,翁同爵
翁同龢,师承,钱沣
翁同龢,师承,何绍基
翁同龢,受其影响,赵石
翁同龢,受其影响,颜楷
翁同龢,受其影响,成多禄
翁同龢,受其影响,谭延闿
翁同龢,受其影响,谭泽闿
翁同龢,受其影响,张謇
胡义赞,字,叔襄
胡义赞,所处时代,清
胡义赞,籍贯,光山
胡义赞,擅长书体,篆书
胡义赞,擅长书体,行书
董念棻,字,味青
董念棻,所处时代,清
董念棻,籍贯,秀水
董念棻,父子,董耀
沈树镛,号,郑斋
沈树镛,所处时代,清
沈树镛,籍贯,南汇
沈树镛,好友,赵之谦
王闿运,号,湘绮
王闿运,所处时代,清
王闿运,籍贯,湖南湘潭
王闿运,师承,欧阳通
王闿运,受其影响,杨度
李文田,字,仲约
李文田,所处时代,清
李文田,籍贯,广东顺德
吴大澂,字,清卿
吴大澂,所处时代,清
吴大澂,籍贯,江苏苏州
吴大澂,师承,陈奂
吴大澂,师承,曾国藩
吴大澂,受其影响,吴湖帆
杨守敬,字,惺吾
杨守敬,号,邻苏
杨守敬,所处时代,清
杨守敬,籍贯,湖北宜都
杨守敬,受其影响,日下部鸣鹤
杨守敬,受其影响,比田井天来
梅调鼎,字,友竹
梅调鼎,号,赧翁
梅调鼎,所处时代,清
梅调鼎,籍贯,浙江慈溪
梅调鼎,师承,王献之
梅调鼎,受其影响,钱罕
梅调鼎,受其影响,沙孟海
任颐,所处时代,清
任颐,籍贯,山阴
任颐,父子,任鹤声
任颐,受其影响,任霞
金尔珍,字,吉石
金尔珍,所处时代,清
金尔珍,籍贯,秀水
胡镢,字,菊邻
胡镢,所处时代,清
胡镢,籍贯,浙江石门
吴昌硕,所处时代,清
吴昌硕,籍贯,浙江安吉
吴昌硕,师承,王铎
吴昌硕,师承,邓石如
吴昌硕,师承,吴让之
吴昌硕,师承,杨沂孙
吴昌硕,师承,杨岘
吴昌硕,受其影响,陈师曾
吴昌硕,受其影响,王震
吴昌硕,受其影响,朱复戡
吴昌硕,受其影响,沙孟海
吴昌硕,受其影响,王个簃
吴昌硕,受其影响,诸乐三
吴昌硕,受其影响,陶博吾
吴昌硕,受其影响,赵云壑
吴昌硕,受其影响,陈半丁
吴昌硕,受其影响,潘天寿
吴昌硕,受其影响,赵古泥
吴昌硕,受其影响,谭建丞
王懿荣,所处时代,清
王懿荣,籍贯,山东福山
王懿荣,好友,张之洞
王懿荣,师承,张之洞
黄士陵,号,倦叟
黄士陵,所处时代,清
黄士陵,籍贯,安徽黟县
黄士陵,擅长书体,篆书
黄士陵,擅长书体,行书
黄士陵,师承,杨沂孙
黄士陵,受其影响,易孺
黄士陵,受其影响,邓尔雅
沈曾植,字,子培
沈曾植,所处时代,清
沈曾植,籍贯,浙江嘉兴
沈曾植,师承,张芝
沈曾植,师承,索靖
沈曾植,师承,倪元璐
沈曾植,师承,黄道周
沈曾植,师承,何绍基
沈曾植,师承,包世臣
沈曾植,受其影响,王蘧常
沈曾植,受其影响,马一浮
沈曾植,受其影响,弘一
沈曾植,受其影响,沙孟海
高邕,字,邕之
高邕,所处时代,清
高邕,籍贯,浙江仁和
张謇,所处时代,清
张謇,籍贯,江苏南通
张謇,师承,何绍基
郑文焯,所处时代,清
郑文焯,籍贯,奉天铁岭
郑文焯,擅长书体,行书
郑文焯,受其影响,钱厓
朱孝臧,字,古微
朱孝臧,所处时代,清
朱孝臧,籍贯,吴兴
康有为,所处时代,清
康有为,籍贯,广东南海
康有为,师承,朱次琦
康有为,师承,包世臣
康有为,师承,张裕钊
康有为,受其影响,徐悲鸿
康有为,受其影响,刘海粟
康有为,受其影响,萧娴
康有为,受其影响,康同璧
曾熙,所处时代,清
曾熙,籍贯,湖南衡阳
曾熙,擅长书体,章草
曾熙,好友,李瑞
曾熙,师承,王献之
曾熙,受其影响,张大千
曾熙,受其影响,马宗霍
李瑞清,字,仲麟
李瑞清,所处时代,清
李瑞清,籍贯,江西临川
李瑞清,擅长书体,大篆
李瑞清,好友,曾熙
李瑞清,受其影响,张大千
李瑞清,受其影响,胡小石
李瑞清,受其影响,吕凤子
李瑞清,受其影响,李健
程荃,字,蘅衫
程荃,所处时代,清
程荃,籍贯,安徽怀宁
程荃,师承,邓石如
王尔度,字,顷波
王尔度,所处时代,清
王尔度,籍贯,江苏江阴
王尔度,擅长书体,篆书
王尔度,师承,邓石如
方朔,字,小东
方朔,所处时代,清
方朔,籍贯,安徽怀宁
刘喜海,字,吉甫
刘喜海,号,燕庭
刘喜海,所处时代,清
刘喜海,籍贯,山东诸城
阮常生,字,彬甫
阮常生,号,小云
阮常生,所处时代,清
阮常生,籍贯,江苏仪征 阮元长子
阮常生,父子,阮元
阮常生,师承,阮元
杨能格,字,简侯
杨能格,号,季良
杨能格,所处时代,清
杨能格,籍贯,汉军正红旗
何澂,字,竟山
何澂,所处时代,清
何澂,籍贯,山阴
何澂,擅长书体,篆书
何澂,师承,赵之谦
余锷,字,起潜
余锷,所处时代,清
余锷,籍贯,仁和
余锷,擅长书体,隶书
余锷,擅长书体,楷书
余锷,师承,奚冈
张开福,字,质民
张开福,所处时代,清
张开福,籍贯,浙江海盐 张燕昌子
张开福,父子,张燕昌
张开福,师承,张燕昌
陈春熙,字,明之
陈春熙,号,雪厂
陈春熙,所处时代,清
陈春熙,籍贯,秀水
陈春熙,擅长书体,八分
陈春熙,好友,杨澥
陈春熙,好友,翁大年
陈春熙,好友,王云
赵懿,字,懿子
赵懿,号,穀庵
赵懿,所处时代,清
赵懿,籍贯,钱塘
赵懿,擅长书体,篆书
赵懿,兄弟,赵之琛
赵懿,师承,陈豫钟
崇恩,字,仰之
崇恩,所处时代,清
崇恩,籍贯,满洲正蓝旗
程恭寿,字,容伯
程恭寿,号,人海
程恭寿,所处时代,清
程恭寿,籍贯,钱塘
郑孝胥,所处时代,清
郑孝胥,籍贯,闽县
郑孝胥,擅长书体,楷书
郑孝胥,师承,钱沣
郑孝胥,师承,何绍基
郑孝胥,师承,张裕钊
郑孝胥,受其影响,卓定谋
郑孝胥,受其影响,曹聚仁
萧蜕,所处时代,现代
萧蜕,籍贯,江苏常熟
萧蜕,师承,邓石如
萧蜕,师承,赵之谦
萧蜕,师承,吴昌硕
萧蜕,受其影响,邓散木
萧蜕,受其影响,沙曼翁
萧蜕,受其影响,翁闿运
齐白石,字,渭清
齐白石,所处时代,现代
齐白石,籍贯,湖南湘潭
齐白石,擅长书体,行草
齐白石,师承,何绍基
齐白石,师承,金农
齐白石,师承,郑板桥
齐白石,师承,徐渭
齐白石,师承,赵之谦
齐白石,受其影响,李苦禅
齐白石,受其影响,李可染
黄宾虹,所处时代,现代
黄宾虹,籍贯,安徽歙县 生于浙江金华
黄宾虹,师承,裴煜
黄宾虹,师承,文彦博
黄宾虹,师承,倪瓒
黄宾虹,受其影响,林散之
罗振玉,所处时代,现代
罗振玉,籍贯,浙江上虞
罗振玉,好友,王国维
罗振玉,好友,董作宾
罗振玉,受其影响,商承祚
赵熙,字,尧生
赵熙,号,香宋
赵熙,所处时代,现代
赵熙,籍贯,四川荣县
赵熙,师承,欧阳通
赵熙,受其影响,梁启超
赵熙,受其影响,林思进
丁佛言,字,松游
丁佛言,所处时代,现代
丁佛言,籍贯,山东黄县
丁佛言,擅长书体,篆书
张伯英,字,勺圃
张伯英,所处时代,现代
张伯英,籍贯,江苏铜山
章炳麟,字,枚叔
章炳麟,号,太炎
章炳麟,所处时代,现代
章炳麟,籍贯,浙江余姚
章炳麟,擅长书体,篆书
章炳麟,擅长书体,行草
章炳麟,师承,俞樾
章炳麟,受其影响,鲁迅
章炳麟,受其影响,黄侃
褚德彝,字,守隅
褚德彝,所处时代,现代
褚德彝,籍贯,浙江余杭
褚德彝,擅长书体,隶书
刘春霖,字,润琴
刘春霖,号,石篑
刘春霖,所处时代,现代
刘春霖,籍贯,河北肃宁
罗惇曧,字,孝遹
罗惇曧,号,瘿公
罗惇曧,所处时代,现代
罗惇曧,籍贯,广东顺德
罗惇曧,兄弟,罗惇㬊
罗惇曧,师承,康有为
罗惇曧,师承,沈曾植
罗惇㬊,字,照岩
罗惇㬊,所处时代,现代
罗惇㬊,籍贯,广东顺德 罗惇曧从弟
罗惇㬊,擅长书体,章草
罗惇㬊,擅长书体,行书
罗惇㬊,兄弟,罗惇曧
罗惇㬊,师承,张芝
罗惇㬊,师承,索靖
罗惇㬊,师承,沈曾植
罗惇㬊,师承,康有为
冯开,所处时代,现代
冯开,籍贯,浙江慈溪
冯开,受其影响,沙孟海
冯开,受其影响,王个簃
黄节,字,玉昆
黄节,所处时代,现代
黄节,籍贯,广东顺德
黄节,好友,梁鼎芬
黄节,好友,罗瘿公
黄节,好友,曾习经
易孺,所处时代,现代
易孺,籍贯,广东鹤山
易孺,师承,赵之谦
梁启超,字,卓如
梁启超,号,任公
梁启超,所处时代,现代
梁启超,籍贯,广东新会 康有为弟子
梁启超,师承,赵熙
赵叔孺,号,二弩老人
赵叔孺,所处时代,现代
赵叔孺,籍贯,浙江鄞县
赵叔孺,好友,吴昌硕
赵叔孺,师承,邓石如
赵叔孺,师承,赵之谦
赵叔孺,受其影响,陈巨来
赵叔孺,受其影响,方介堪
赵叔孺,受其影响,沙孟海
赵叔孺,受其影响,徐邦达
赵叔孺,受其影响,张鲁庵
商衍鎏,字,藻亭
商衍鎏,所处时代,现代
商衍鎏,籍贯,广东番禹
商衍鎏,擅长书体,楷书
商衍鎏,擅长书体,草书
商衍鎏,受其影响,商承祚
赵石,字,石农
赵石,所处时代,现代
赵石,籍贯,江苏虞山
赵石,师承,何绍基
赵石,师承,翁同龢
赵石,师承,吴昌硕
赵石,受其影响,邓散木
赵石,受其影响,赵林
杨度,字,皙子
杨度,所处时代,现代
杨度,籍贯,湖南湘潭
杨度,师承,王闿运
钱振锽,字,梦鲸
钱振锽,号,名山
钱振锽,所处时代,现代
钱振锽,籍贯,江苏常州
钱振锽,受其影响,谢觐虞
钱振锽,受其影响,谢稚柳
溥侗,所处时代,现代
溥侗,籍贯,河北宛平
溥侗,擅长书体,章草
徐生翁,号,生翁
徐生翁,所处时代,现代
徐生翁,籍贯,浙江绍兴
徐生翁,开创流派,孩儿体
陈半丁,字,静山
陈半丁,所处时代,现代
陈半丁,籍贯,浙江山阴
陈半丁,擅长书体,行书
陈半丁,师承,吴昌硕
姚华,字,重光
姚华,所处时代,现代
姚华,籍贯,贵州贵筑
陈衡恪,字,师曾
陈衡恪,所处时代,现代
陈衡恪,籍贯,江西义宁 陈三立长子
陈衡恪,擅长书体,魏碑
陈衡恪,父子,陈三立
陈衡恪,师承,吴昌硕
谭延闿,号,畏三
谭延闿,所处时代,现代
谭延闿,籍贯,湖南茶陵 谭钟麟子
谭延闿,父子,谭钟麟
谭延闿,兄弟,谭泽闿
谭延闿,师承,钱沣
谭延闿,师承,何绍基
谭延闿,师承,翁同龢
于右任,所处时代,现代
于右任,籍贯,陕西三原
于右任,开创流派,标准草书
于右任,师承,怀素
于右任,受其影响,刘延涛
于右任,受其影响,胡公石
金城,所处时代,现代
金城,籍贯,浙江吴兴 生于北京
高时显,字,欣木
高时显,所处时代,现代
高时显,籍贯,浙江杭州
金梁,字,息候
金梁,所处时代,现代
金梁,籍贯,满洲正白旗
金梁,擅长书体,大篆
金梁,擅长书体,行书
丁仁,所处时代,现代
丁仁,籍贯,浙江杭州
高剑父,字,爵廷
高剑父,号,剑父
高剑父,所处时代,现代
高剑父,籍贯,广东番禺
高剑父,擅长书体,草书
高剑父,兄弟,高奇峰
高剑父,师承,张旭
高剑父,师承,怀素
高剑父,受其影响,高奇峰
王福庵,字,维季
王福庵,所处时代,现代
王福庵,籍贯,浙江杭州
王福庵,好友,吴昌硕
王福庵,师承,王同
王福庵,受其影响,顿群
王福庵,受其影响,韩登安
王福庵,受其影响,唐源邺
柳诒徵,字,翼谋
柳诒徵,号,劬堂
柳诒徵,所处时代,现代
柳诒徵,籍贯,江苏镇江
柳诒徵,师承,李瑞清
柳诒徵,师承,张裕钊
叶玉森,字,镔虹
叶玉森,所处时代,现代
叶玉森,籍贯,江苏镇江
弘一,字,弘一
弘一,所处时代,现代
弘一,籍贯,浙江平湖 迁天津
弘一,受其影响,丰子恺
黄葆戉,字,霭农
黄葆戉,所处时代,现代
黄葆戉,籍贯,福建长乐 寓居上海
黄葆戉,擅长书体,隶书
黄葆戉,好友,王福厂
黄葆戉,好友,马公愚
黄葆戉,师承,伊秉绶
章士钊,字,行严
章士钊,所处时代,现代
章士钊,籍贯,湖南长沙
章士钊,师承,王献之
章士钊,师承,杨凝式
张宗祥,字,阆声
张宗祥,所处时代,现代
张宗祥,籍贯,浙江海宁
马一浮,所处时代,现代
马一浮,籍贯,浙江绍兴
马一浮,擅长书体,行草
马一浮,师承,欧阳通
马一浮,师承,沈曾植
马一浮,受其影响,丰子恺
余绍宋,所处时代,现代
余绍宋,籍贯,浙江龙游
余绍宋,擅长书体,行书
余绍宋,擅长书体,章草
余绍宋,师承,索靖
余绍宋,师承,王献之
余绍宋,师承,孙过庭
沈尹默,字,中
沈尹默,号,秋明
沈尹默,所处时代,现代
沈尹默,籍贯,浙江吴兴
沈尹默,师承,王献之
沈尹默,师承,智永
沈尹默,师承,虞世南
沈尹默,师承,怀素
沈尹默,师承,文徵明
谢无量,字,大澄
谢无量,号,希苑
谢无量,所处时代,现代
谢无量,籍贯,四川乐至
谢无量,师承,王献之
邓尔雅,字,季雨
邓尔雅,所处时代,现代
邓尔雅,籍贯,广东东莞
邓尔雅,好友,黄节
邓尔雅,师承,黄道周
邓尔雅,师承,倪元璐
邓尔雅,师承,邓石如
邓尔雅,师承,吴让之
邓尔雅,师承,黄牧甫
邓尔雅,师承,邓承修
邓尔雅,受其影响,容庚
邓尔雅,受其影响,黄般若
王师子,所处时代,现代
王师子,籍贯,江苏句容
吴东迈,所处时代,现代
吴东迈,籍贯,浙江安吉 吴昌硕三子
吴东迈,父子,吴昌硕
吴东迈,师承,吴昌硕
马叙伦,号,石屋
马叙伦,所处时代,现代
马叙伦,籍贯,浙江杭县
符铸,字,铁年
符铸,所处时代,现代
符铸,籍贯,湖南衡阳
吕凤子,字,凤痴
吕凤子,所处时代,现代
吕凤子,籍贯,江苏丹阳
吕凤子,擅长书体,隶书
吕凤子,擅长书体,行草
吕凤子,师承,李瑞清
易均室,字,均室
易均室,所处时代,现代
易均室,籍贯,湖北潜江
易均室,擅长书体,篆书
易均室,师承,薛曜
易均室,师承,李阳冰
易均室,师承,钱坫
易均室,受其影响,徐无闻
易均室,受其影响,曹立庵
易均室,受其影响,程白舟
唐醉石,所处时代,现代
唐醉石,籍贯,湖南长沙
柳亚子,所处时代,现代
柳亚子,籍贯,江苏吴江
柳亚子,好友,陈巢南
柳亚子,好友,高天梅
简经纶,所处时代,现代
简经纶,籍贯,广东番禺
于非闇,字,非厂
于非闇,所处时代,现代
于非闇,籍贯,山东蓬莱
于非闇,师承,赵佶
胡小石,字,光炜
胡小石,所处时代,现代
胡小石,籍贯,浙江嘉兴
胡小石,师承,王铎
胡小石,师承,何绍基
胡小石,师承,伊秉绶
胡小石,师承,沈曾植
胡小石,师承,李瑞清
胡小石,受其影响,游寿
谭泽闿,字,组同
谭泽闿,号,瓶斋
谭泽闿,所处时代,现代
谭泽闿,籍贯,湖南茶陵 谭延闿弟
谭泽闿,父子,谭钟麟
谭泽闿,兄弟,谭延闿
谭泽闿,师承,钱沣
谭泽闿,师承,何绍基
谭泽闿,师承,翁同龢
袁克文,号,寒云
袁克文,所处时代,现代
袁克文,籍贯,河南项城 袁世凯次子
袁克文,父子,袁世凯
袁克文,师承,王铎
郑诵先,字,诵先
郑诵先,所处时代,现代
郑诵先,籍贯,四川富顺
郑诵先,擅长书体,草书
郑诵先,师承,王献之
郑诵先,师承,柳公权
乔曾劬,字,大壮
乔曾劬,所处时代,现代
乔曾劬,籍贯,四川华阳
乔曾劬,师承,徐浩
乔曾劬,师承,虞世南
乔曾劬,师承,王献之
乔曾劬,师承,虞世南
乔曾劬,师承,徐浩
乔曾劬,师承,顾印愚
郭沫若,字,鼎堂
郭沫若,所处时代,现代
郭沫若,籍贯,四川乐山
郭沫若,擅长书体,行草
郭沫若,好友,罗振玉
郭沫若,好友,王国维
郭沫若,好友,董作宾
郭沫若,师承,王献之
马公愚,所处时代,现代
马公愚,籍贯,浙江永嘉 寓居上海
马公愚,擅长书体,章草
吴湖帆,所处时代,现代
吴湖帆,籍贯,江苏苏州 吴大澂孙
吴湖帆,父子,吴大澂
吴湖帆,师承,怀素
吴湖帆,师承,赵佶
吴湖帆,师承,祝允明
容庚,字,希白
容庚,所处时代,现代
容庚,籍贯,广东东莞
容庚,师承,邓尔雅
容庚,师承,罗振玉
刘孟伉,所处时代,现代
刘孟伉,籍贯,四川云阳
刘孟伉,擅长书体,行草
溥儒,字,心畲
溥儒,所处时代,现代
溥儒,籍贯,河北宛平
溥儒,师承,王献之
溥儒,师承,怀素
溥儒,师承,孙过庭
溥儒,师承,柳公权
徐悲鸿,所处时代,现代
徐悲鸿,籍贯,江苏宜兴
徐悲鸿,擅长书体,行草
徐悲鸿,师承,康有为
潘天,字,大颐
潘天,所处时代,现代
潘天,籍贯,浙江宁海
潘天,师承,黄道周
潘天,师承,倪元璐
潘天,师承,沈曾植
潘天,师承,吴昌硕
潘天,师承,李叔同
钱瘦铁,字,叔厓
钱瘦铁,所处时代,现代
钱瘦铁,籍贯,江苏无锡
钱瘦铁,好友,吴昌硕
钱瘦铁,好友,王冠山
钱瘦铁,师承,孙过庭
钱瘦铁,师承,郑文焯
钱瘦铁,师承,吴昌硕
谢觐虞,字,玉岑
谢觐虞,号,孤鸾
谢觐虞,所处时代,现代
谢觐虞,籍贯,江苏常州
谢觐虞,兄弟,谢稚柳
谢觐虞,师承,钱振锽
丰子恺,号,婴行
丰子恺,所处时代,现代
丰子恺,籍贯,浙江桐乡石门镇
丰子恺,擅长书体,章草
丰子恺,师承,索靖
林散之,字,霖
林散之,所处时代,现代
林散之,籍贯,安徽和县 生于江苏江浦
林散之,师承,怀素
林散之,师承,祝允明
林散之,师承,王铎
林散之,师承,黄宾虹
邓散木,字,钝铁
邓散木,所处时代,现代
邓散木,籍贯,上海
邓散木,师承,伊秉绶
邓散木,师承,赵石
邓散木,师承,萧蜕
邓散木,受其影响,单晓天
朱大可,号,莲垞
朱大可,所处时代,现代
朱大可,籍贯,浙江嘉兴
朱大可,师承,李瑞清
朱大可,师承,曾熙
张大千,所处时代,现代
张大千,籍贯,四川内江
张大千,擅长书体,章草
张大千,师承,曾熙
张大千,师承,李瑞清
陆维钊,字,子平
陆维钊,所处时代,现代
陆维钊,籍贯,浙江平湖
陆维钊,开创流派,蜾扁书
陆维钊,师承,欧阳通
潘伯鹰,所处时代,现代
潘伯鹰,籍贯,安徽怀宁
潘伯鹰,师承,孙过庭
吴子复,字,子复
吴子复,号,伏叟
吴子复,所处时代,现代
吴子复,籍贯,广东四会
吴子复,擅长书体,隶书
吴子复,擅长书体,行书
吴子复,开创流派,吴隶
沙孟海,所处时代,现代
沙孟海,籍贯,浙江鄞县
沙孟海,擅长书体,草书
沙孟海,师承,黄道周
沙孟海,师承,倪元璐
沙孟海,师承,沈曾植
沙孟海,师承,吴昌硕
沙孟海,师承,梅调鼎
沙孟海,师承,钱罕
沙孟海,师承,冯君木
陶博吾,所处时代,现代
陶博吾,籍贯,江西彭泽
陶博吾,师承,吴昌硕
朱复戡,字,百行
朱复戡,所处时代,现代
朱复戡,籍贯,浙江鄞县 迁居上海
朱复戡,师承,吴昌硕
王蘧常,字,瑗仲
王蘧常,号,涤如
王蘧常,所处时代,现代
王蘧常,籍贯,浙江嘉兴
王蘧常,擅长书体,章草
王蘧常,师承,索靖
王蘧常,师承,张芝
王蘧常,师承,沈曾植
萧娴,字,稚秋
萧娴,所处时代,现代
萧娴,籍贯,贵州贵阳
萧娴,师承,康有为
诸乐三,字,希斋
诸乐三,所处时代,现代
诸乐三,籍贯,浙江安吉
诸乐三,师承,王铎
诸乐三,师承,傅山
诸乐三,师承,黄道周
诸乐三,师承,杨沂孙
诸乐三,师承,吴昌硕
来楚生,字,凫
来楚生,所处时代,现代
来楚生,籍贯,浙江萧山
来楚生,擅长书体,隶书
来楚生,擅长书体,草书
来楚生,师承,黄道周
来楚生,师承,金农
来楚生,师承,郑簠
费新我,字,省吾
费新我,所处时代,现代
费新我,籍贯,浙江湖州 寓居苏州
高二适,所处时代,现代
高二适,籍贯,江苏东台
高二适,擅长书体,草书
高二适,擅长书体,隶书
高二适,擅长书体,章草
高二适,师承,宋克
钱君匋,所处时代,现代
钱君匋,籍贯,浙江桐乡
钱君匋,师承,张旭
钱君匋,师承,怀素
钱君匋,师承,邓石如
钱君匋,师承,吴让之
钱君匋,师承,赵之谦
钱君匋,师承,丰子恺
游寿,字,介眉
游寿,所处时代,现代
游寿,籍贯,福建霞浦
游寿,师承,胡小石
白蕉,字,远香
白蕉,所处时代,现代
白蕉,籍贯,上海金山
白蕉,师承,王献之
余任天,字,天庐
余任天,所处时代,现代
余任天,籍贯,浙江诸暨
余任天,师承,张旭
余任天,师承,怀素
余任天,师承,陈洪绶
谢稚柳,号,壮暮生
谢稚柳,所处时代,现代
谢稚柳,籍贯,江苏常州
谢稚柳,兄弟,谢觐虞
谢稚柳,师承,张旭
谢稚柳,师承,怀素
谢稚柳,师承,陈洪绶
谢稚柳,师承,钱振锽
启功,所处时代,现代
启功,籍贯,北京
启功,擅长书体,行草
启功,师承,王献之
张芝,开创流派,今草
蔡邕,开创流派,飞白书
韦诞,开创流派,剪刀篆（金错书）
刘德昇,开创流派,行书
王羲之,开创流派,妍美流便之今体
萧子云,开创流派,小篆飞白
李煜,开创流派,金错刀
李煜,开创流派,撮襟书
赵佶,开创流派,瘦金体
米芾,开创流派,米点皴（画）
米友仁,开创流派,米家云山（画）
吴说,开创流派,游丝书
赵宦光,开创流派,草篆体
陈献章,开创流派,茅笔字
沈度,开创流派,馆阁体
文彭,开创流派,流派印之开山鼻祖
张瑞图,开创流派,偏锋书法
金农,开创流派,漆书
郑燮（郑板桥）,开创流派,六分半书
丁敬,开创流派,浙派（篆刻）
邓石如,开创流派,邓派（皖派）（篆刻）
程邃,开创流派,皖派（篆刻）
宋珏,开创流派,莆田派（篆刻）
严徵,开创流派,虞山琴派
恽寿平,开创流派,常州派（画）
张惠言,开创流派,常州词派
姚鼐,开创流派,桐城派（古文）
陈鸿寿,开创流派,曼生壶
赵之谦,开创流派,清末写意花卉开山
任颐,开创流派,海派
吴昌硕,开创流派,西泠印社首任社长
王懿荣,开创流派,发现收藏殷墟甲骨第一人
黄士陵,开创流派,黟山派
徐生翁,开创流派,孩儿体
于右任,开创流派,标准草书
陆维钊,开创流派,蜾扁书
吴子复,开创流派,吴隶
高剑父,开创流派,岭南画派
丁仁,开创流派,西泠印社创始人
王福庵,开创流派,西泠印社创始人
金城,开创流派,中国画学研究会
柳亚子,开创流派,南社
欧阳询,所属流派,唐初四大家
虞世南,所属流派,唐初四大家
褚遂良,所属流派,唐初四大家
薛稷,所属流派,唐初四大家
蔡襄,所属流派,宋四家
苏轼,所属流派,宋四家
黄庭坚,所属流派,宋四家
米芾,所属流派,宋四家
黄公望,所属流派,元四家
吴镇,所属流派,元四家
倪瓒,所属流派,元四家
王蒙,所属流派,元四家
宋克,所属流派,明初三宋
宋璲,所属流派,明初三宋
宋广,所属流派,明初三宋
沈周,所属流派,吴门画派
沈周,所属流派,明四家
文徵明,所属流派,吴门画派
文徵明,所属流派,明四家
唐寅,所属流派,明四家
邢侗,所属流派,明末四大家
董其昌,所属流派,明末四大家
张瑞图,所属流派,明末四大家
米万钟,所属流派,明末四大家
王时敏,所属流派,清初四王
王鉴,所属流派,清初四王
程邃,所属流派,新安派
查士标,所属流派,新安四大家
龚贤,所属流派,金陵八家
梅清,所属流派,黄山画派
梅庚,所属流派,黄山画派
朱耷,所属流派,清初四高僧
原济（石涛）,所属流派,清初四高僧
高凤翰,所属流派,扬州八怪
李鱓,所属流派,扬州八怪
汪士慎,所属流派,扬州八怪
金农,所属流派,扬州八怪
黄慎,所属流派,扬州八怪
高翔,所属流派,扬州八怪
郑燮（郑板桥）,所属流派,扬州八怪
丁敬,所属流派,西泠八家
蒋仁,所属流派,西泠八家
黄易,所属流派,西泠八家
奚冈,所属流派,西泠八家
陈豫钟,所属流派,西泠八家
陈鸿寿,所属流派,西泠八家
赵之琛,所属流派,西泠八家
钱松,所属流派,西泠八家
赵懿,所属流派,西泠八家传人
王世贞,所属流派,明后七子之首
恽寿平,所属流派,清六家
何绍基,所属流派,晚清碑学大家
高剑父,所属流派,岭南三杰
赵孟頫,字,子昂
赵孟頫,号,松雪道人
赵孟頫,号,鸥波
赵孟頫,号,水晶宫道人
赵孟頫,所处时代,元
赵孟頫,籍贯,吴兴（今浙江湖州）
赵孟頫,擅长书体,篆书
赵孟頫,擅长书体,隶书
赵孟頫,擅长书体,楷书
赵孟頫,擅长书体,行书
赵孟頫,擅长书体,草书
赵孟頫,风格特征,劲度丰艳
赵孟頫,风格特征,圆活遒丽
赵孟頫,风格特征,萧散秀逸
赵孟頫,师承,钟繇
赵孟頫,师承,王羲之
赵孟頫,师承,王献之
赵孟頫,师承,李邕
赵孟頫,师承,米芾
赵孟頫,师承,张即之
赵孟頫,师承,赵构
赵孟頫,受其影响,赵雍
赵孟頫,受其影响,郭畀
赵孟頫,受其影响,康里巎巎
赵孟頫,受其影响,王蒙
赵孟頫,受其影响,俞和
赵孟頫,受其影响,董其昌
赵孟頫,受其影响,弘历
赵孟頫,受其影响,永瑆
赵孟頫,代表作,洛神赋
赵孟頫,代表作,胆巴碑
赵孟頫,代表作,急就章
赵孟頫,代表作,闲居赋
赵孟頫,代表作,玄妙观重修三门记
赵孟頫,著述,印史
赵孟頫,著述,松雪斋集

冯子振,所处时代,元
冯子振,籍贯,攸州（今湖南攸县）
冯子振,师承,黄庭坚

邓文原,所处时代,元
邓文原,籍贯,绵州（今四川绵阳）
邓文原,师承,王羲之
邓文原,师承,王献之
邓文原,师承,李邕
邓文原,受其影响,钱良祐

龚璛,所处时代,元
龚璛,籍贯,自高邮（今江苏高邮）徙平江（今湖南平江）
龚璛,师承,王羲之
龚璛,师承,王献之

袁桷,所处时代,元
袁桷,籍贯,庆元（今浙江庆元）
袁桷,师承,柳公权
袁桷,师承,米芾

吴全节,所处时代,元
吴全节,籍贯,饶州安仁（今江西余江）
吴全节,擅长书体,行书
吴全节,擅长书体,草书
吴全节,风格特征,英拔

黄公望,所处时代,元
黄公望,籍贯,平江常熟（今江苏常熟）
黄公望,擅长书体,楷书
黄公望,擅长书体,行书
黄公望,风格特征,圆熟中饶古意
黄公望,师承,（无明确师承）
黄公望,受其影响,（无明确受其影响）

虞集,所处时代,元
虞集,籍贯,蜀郡（今四川成都）
虞集,擅长书体,隶书
虞集,风格特征,雄剑倚天
虞集,风格特征,长虹驾海
虞集,受其影响,揭傒斯

欧阳玄,所处时代,元
欧阳玄,籍贯,其先家庐陵（今江西吉安）
欧阳玄,师承,苏轼

揭傒斯,所处时代,元
揭傒斯,籍贯,龙兴富州（今江西丰城）
揭傒斯,师承,智永
揭傒斯,受其影响,（无明确受其影响）

张雨,所处时代,元
张雨,籍贯,钱塘（今浙江杭州）
张雨,师承,李邕
张雨,师承,怀素
张雨,师承,赵孟頫
张雨,受其影响,金琮

钱良祐,所处时代,元
钱良祐,籍贯,平江（今湖南平江）
钱良祐,师承,赵孟頫
钱良祐,师承,邓文原
钱良祐,受其影响,钱逵

吴镇,所处时代,元
吴镇,籍贯,浙江嘉兴魏塘
吴镇,擅长书体,草书
吴镇,风格特征,古雅有余
吴镇,师承,訾光
吴镇,师承,怀素
吴镇,师承,杨凝式

张翥,所处时代,元
张翥,籍贯,晋宁（今山西临汾）
张翥,师承,钟繇

薛玄义,所处时代,元
薛玄义,籍贯,贵溪（今江西贵溪）
薛玄义,擅长书体,行书
薛玄义,风格特征,得体

郭畀,所处时代,元
郭畀,籍贯,京口（今江苏镇江）
郭畀,师承,赵孟頫

柯九思,所处时代,元
柯九思,籍贯,天台（今浙江天台）
柯九思,师承,欧阳询

赵雍,所处时代,元
赵雍,籍贯,吴兴（今浙江湖州）
赵雍,师承,李斯
赵雍,师承,李阳冰
赵雍,师承,赵孟頫

朱德润,所处时代,元
朱德润,籍贯,原籍睢阳（今河南商丘）
朱德润,师承,王羲之

康里巎巎,所处时代,元
康里巎巎,籍贯,康里（今属新疆）
康里巎巎,擅长书体,行书
康里巎巎,风格特征,神俊可爱
康里巎巎,师承,钟繇
康里巎巎,师承,王羲之
康里巎巎,师承,王献之
康里巎巎,师承,虞世南
康里巎巎,师承,米芾
康里巎巎,师承,赵孟頫
康里巎巎,受其影响,危素
康里巎巎,受其影响,宋璲

杨维桢,所处时代,元
杨维桢,籍贯,会稽（今浙江绍兴）
杨维桢,擅长书体,行书
杨维桢,擅长书体,草书
杨维桢,风格特征,清劲豪迈
杨维桢,风格特征,纵横奇崛
杨维桢,师承,索靖
杨维桢,师承,欧阳通

吴叡,所处时代,元
吴叡,籍贯,浙江杭州
吴叡,师承,吾丘衍

周伯琦,所处时代,元
周伯琦,籍贯,饶州（今江西鄱阳）
周伯琦,师承,李斯
周伯琦,师承,徐铉
周伯琦,师承,赵孟頫

倪瓒,所处时代,元
倪瓒,籍贯,无锡（今江苏无锡）
倪瓒,擅长书体,楷书
倪瓒,风格特征,古淡秀雅
倪瓒,师承,王献之
倪瓒,受其影响,（无明确受其影响）

泰不华,所处时代,元
泰不华,籍贯,台州（今浙江临海）
泰不华,师承,欧阳询
泰不华,师承,徐铉
泰不华,师承,张有

王蒙,所处时代,元
王蒙,籍贯,吴兴（今浙江湖州）
王蒙,师承,赵孟頫

陈基,所处时代,元
陈基,籍贯,浙江临海
陈基,师承,赵孟頫

李倜,所处时代,元
李倜,籍贯,山西太原
李倜,师承,王羲之

吴炳,所处时代,元
吴炳,籍贯,汴（今河南开封）
吴炳,擅长书体,篆书
吴炳,擅长书体,行书
吴炳,风格特征,遒美

沈右,所处时代,元
沈右,籍贯,吴中（今江苏苏州）
沈右,擅长书体,行书
沈右,擅长书体,草书
沈右,风格特征,精劲典雅

陆广,所处时代,元
陆广,籍贯,吴（今江苏苏州）
陆广,擅长书体,楷书
陆广,风格特征,天然古朴

陆居仁,所处时代,元
陆居仁,籍贯,华亭（今上海市松江）
陆居仁,擅长书体,行书
陆居仁,擅长书体,草书
陆居仁,风格特征,清健遒美
陆居仁,师承,（无明确师承）
陆居仁,受其影响,（无明确受其影响）

陈绎曾,所处时代,元
陈绎曾,籍贯,处州（今浙江丽水）
陈绎曾,擅长书体,飞白书
陈绎曾,风格特征,尘缕游丝

俞和,所处时代,元
俞和,籍贯,桐江（今浙江桐庐）
俞和,师承,赵孟頫

饶介,所处时代,元
饶介,籍贯,临川（今江西抚州）
饶介,擅长书体,草书
饶介,风格特征,书势劲畅
饶介,师承,怀素
饶介,受其影响,宋克

钱惟善,所处时代,元
钱惟善,籍贯,钱塘（今浙江杭州）
钱惟善,师承,苏轼
钱惟善,受其影响,（无明确受其影响）

钱逵,所处时代,元
钱逵,籍贯,平江（今湖南平江）
钱逵,师承,钱良祐

鲁渊,所处时代,元
鲁渊,籍贯,浙江淳安
鲁渊,擅长书体,楷书
鲁渊,风格特征,精劲

熊梦祥,所处时代,元
熊梦祥,籍贯,富州（今江西丰城）
熊梦祥,擅长书体,篆书
熊梦祥,擅长书体,隶书
熊梦祥,擅长书体,草书

薛毅夫,所处时代,元
薛毅夫,籍贯,江西贵溪
薛毅夫,师承,王羲之
薛毅夫,师承,王献之

危素,所处时代,明
危素,籍贯,金谿（今江西金溪）
危素,擅长书体,楷书
危素,风格特征,典则
危素,师承,康里巎巎
危素,受其影响,宋璲
危素,受其影响,杜环
危素,受其影响,詹希元
危素,受其影响,解缙

宋濂,所处时代,明
宋濂,籍贯,浦江（今浙江浦江）
宋濂,擅长书体,楷书
宋濂,擅长书体,草书
宋濂,风格特征,清古有法
宋濂,师承,（无明确师承）
宋濂,受其影响,（无明确受其影响）

刘基,所处时代,明
刘基,籍贯,青田（今浙江青田）
刘基,擅长书体,行草
刘基,风格特征,（无明确风格特征）
刘基,师承,赵孟頫
刘基,受其影响,（无明确受其影响）

宋克,所处时代,明
宋克,籍贯,长洲（今江苏苏州）
宋克,擅长书体,章草
宋克,风格特征,清劲古雅
宋克,师承,皇象
宋克,师承,钟繇
宋克,师承,王羲之
宋克,师承,王献之
宋克,师承,饶介
宋克,受其影响,孙克弘
宋克,受其影响,陈璧

卢熊,所处时代,明
卢熊,籍贯,崑山（今江苏昆山）
卢熊,擅长书体,篆籀

俞贞木,所处时代,明
俞贞木,籍贯,吴县（今江苏苏州）
俞贞木,擅长书体,小楷

高启,所处时代,明
高启,籍贯,吴郡长洲（今江苏苏州）
高启,擅长书体,楷书
高启,擅长书体,行书
高启,擅长书体,草书

宋璲,所处时代,明
宋璲,籍贯,浦江（今浙江浦江）
宋璲,擅长书体,大篆
宋璲,擅长书体,小篆
宋璲,擅长书体,隶书
宋璲,擅长书体,草书
宋璲,风格特征,沉顿雄快
宋璲,师承,康里巎巎
宋璲,受其影响,沈粲

宋广,所处时代,明
宋广,籍贯,河南南阳（一作唐县）
宋广,擅长书体,草书
宋广,擅长书体,章草
宋广,风格特征,瘦劲流畅
宋广,师承,张旭
宋广,师承,怀素
宋广,受其影响,（无明确受其影响）

方孝孺,所处时代,明
方孝孺,籍贯,宁海（今浙江宁海）
方孝孺,擅长书体,（无明确擅长书体）
方孝孺,风格特征,刚方不折之气
方孝孺,师承,（无明确师承）
方孝孺,受其影响,（无明确受其影响）

沈度,所处时代,明
沈度,籍贯,华亭（今上海松江）
沈度,擅长书体,隶书
沈度,擅长书体,楷书
沈度,风格特征,婉丽飘逸
沈度,受其影响,朱瞻基
沈度,受其影响,沈藻
沈度,受其影响,张电
沈度,受其影响,姜立纲

沈粲,所处时代,明
沈粲,籍贯,华亭（今上海松江）
沈粲,擅长书体,草书
沈粲,风格特征,圆熟
沈粲,师承,宋璲
沈粲,受其影响,朱瞻基
沈粲,受其影响,张电
沈粲,受其影响,姜立纲

胡俨,所处时代,明
胡俨,籍贯,江西南昌
胡俨,擅长书体,行书
胡俨,擅长书体,楷书
胡俨,风格特征,矫健而苍

王绂,所处时代,明
王绂,籍贯,无锡（今江苏无锡）
王绂,擅长书体,楷书
王绂,风格特征,清新隽秀

杨士奇,所处时代,明
杨士奇,籍贯,泰和（今江西泰和）
杨士奇,擅长书体,行草
杨士奇,风格特征,古雅

夏元吉,所处时代,明
夏元吉,籍贯,湖南湘阴
夏元吉,擅长书体,（无明确擅长书体）
夏元吉,风格特征,笔势遒媚

解缙,所处时代,明
解缙,籍贯,吉水（今江西吉水）
解缙,擅长书体,楷书
解缙,擅长书体,行书
解缙,擅长书体,草书
解缙,风格特征,圆滑纯熟
解缙,师承,危素
解缙,师承,周伯琦

魏骥,所处时代,明
魏骥,籍贯,浙江萧山
魏骥,擅长书体,（无明确擅长书体）
魏骥,风格特征,圆健

柴车,所处时代,明
柴车,籍贯,浙江江山
柴车,擅长书体,唐
柴车,风格特征,劲婉皆妙

杜琼,所处时代,明
杜琼,籍贯,江苏苏州
杜琼,擅长书体,（无明确擅长书体）
杜琼,风格特征,清丽健爽

于谦,所处时代,明
于谦,籍贯,钱塘（今浙江杭州）
于谦,擅长书体,行楷
于谦,风格特征,清丽端雅

张绅,所处时代,明
张绅,籍贯,山东济南
张绅,擅长书体,楷书
张绅,擅长书体,小篆
张绅,风格特征,瘦而劲

陈璧,所处时代,明
陈璧,籍贯,华亭（今上海松江）
陈璧,擅长书体,篆书
陈璧,擅长书体,隶书
陈璧,擅长书体,草书
陈璧,风格特征,流畅快捷
陈璧,师承,宋克

马治,所处时代,明
马治,籍贯,宜兴（今江苏宜兴）
马治,擅长书体,行书
马治,风格特征,典雅冲淡

聂大年,所处时代,明
聂大年,籍贯,临川（今江西抚州）
聂大年,师承,李邕
聂大年,师承,赵孟頫

徐有贞,所处时代,明
徐有贞,籍贯,吴县（今江苏苏州）
徐有贞,擅长书体,行草
徐有贞,风格特征,古雅雄健
徐有贞,师承,怀素
徐有贞,师承,米芾

刘珏,所处时代,明
刘珏,籍贯,长洲（今江苏苏州）
刘珏,擅长书体,行草
刘珏,师承,李邕
刘珏,师承,赵孟頫

商辂,所处时代,明
商辂,籍贯,淳安（今浙江淳安）
商辂,擅长书体,宋
商辂,风格特征,运笔通逸丰美

卞荣,所处时代,明
卞荣,籍贯,江阴（今江苏江阴）
卞荣,风格特征,平淡天真
卞荣,师承,（无明确师承）
卞荣,受其影响,（无明确受其影响）

姚绶,所处时代,明
姚绶,籍贯,浙江嘉兴
姚绶,擅长书体,行草
姚绶,风格特征,劲婉皆妙
姚绶,师承,钟繇
姚绶,师承,王羲之

张弼,所处时代,明
张弼,籍贯,华亭（今上海松江）
张弼,擅长书体,草书
张弼,风格特征,疾如风雨
张弼,风格特征,矫如龙蛇
张弼,师承,张旭
张弼,师承,怀素
张弼,受其影响,张骏

沈周,所处时代,明
沈周,籍贯,长洲（今江苏苏州）
沈周,擅长书体,行书
沈周,风格特征,道劲奇崛
沈周,师承,黄庭坚
沈周,受其影响,文徵明

陈献章,所处时代,明
陈献章,籍贯,广东新会
陈献章,擅长书体,茅笔字
陈献章,风格特征,自成一家
陈献章,开创流派,茅笔字

李应祯,所处时代,明
李应祯,籍贯,长洲（今江苏苏州）
李应祯,擅长书体,篆书
李应祯,擅长书体,隶书
李应祯,擅长书体,行书
李应祯,风格特征,清润端方
李应祯,受其影响,祝允明
李应祯,受其影响,文徵明

吴宽,所处时代,明
吴宽,籍贯,长洲（今江苏苏州）
吴宽,擅长书体,（无明确擅长书体）
吴宽,风格特征,姿润中时出奇崛
吴宽,师承,苏轼
吴宽,受其影响,（无明确受其影响）

李东阳,所处时代,明
李东阳,籍贯,茶陵（今湖南茶陵）
李东阳,擅长书体,篆书
李东阳,擅长书体,隶书
李东阳,擅长书体,行书
李东阳,风格特征,清劲入妙
李东阳,师承,（无明确师承）
李东阳,受其影响,伊秉绶
李东阳,受其影响,邵宝

金琮,所处时代,明
金琮,籍贯,金陵（今南京）
金琮,风格特征,厚重稳健
金琮,师承,赵孟頫
金琮,师承,张雨
金琮,受其影响,（无明确受其影响）

谢迁,所处时代,明
谢迁,籍贯,余姚（今浙江余姚）
谢迁,擅长书体,（无明确擅长书体）
谢迁,风格特征,（无明确风格特征）
谢迁,师承,（无明确师承）
谢迁,受其影响,（无明确受其影响）

王鏊,所处时代,明
王鏊,籍贯,吴县（今江苏苏州）
王鏊,擅长书体,（无明确擅长书体）
王鏊,风格特征,清劲
王鏊,师承,（无明确师承）
王鏊,受其影响,（无明确受其影响）

文林,所处时代,明
文林,籍贯,长洲（今江苏苏州）
文林,擅长书体,（无明确擅长书体）
文林,风格特征,墨浓体肥
文林,师承,王羲之
文林,师承,赵孟頫
文林,受其影响,文徵明
文林,受其影响,唐寅

杨循吉,所处时代,明
杨循吉,籍贯,吴县（今江苏苏州）
杨循吉,擅长书体,（无明确擅长书体）
杨循吉,风格特征,劲健流畅
杨循吉,师承,（无明确师承）
杨循吉,受其影响,（无明确受其影响）

祝允明,所处时代,明
祝允明,籍贯,长洲（今江苏苏州）
祝允明,擅长书体,楷书
祝允明,擅长书体,草书
祝允明,风格特征,奔放雄健
祝允明,师承,王献之
祝允明,师承,虞世南
祝允明,师承,智永
祝允明,师承,张旭
祝允明,师承,怀素
祝允明,师承,李应祯
祝允明,受其影响,黄姬水
祝允明,受其影响,吴应卯
祝允明,受其影响,王铎
祝允明,受其影响,林散之

邵宝,所处时代,明
邵宝,籍贯,无锡（今江苏无锡）
邵宝,擅长书体,行草
邵宝,风格特征,（无明确风格特征）
邵宝,师承,颜真卿
邵宝,师承,李东阳

钱福,所处时代,明
钱福,籍贯,华亭（今上海松江）
钱福,擅长书体,（无明确擅长书体）
钱福,风格特征,瘦劲有韵
钱福,师承,苏轼
钱福,师承,李邕

徐霖,所处时代,明
徐霖,籍贯,长洲（今江苏苏州）
徐霖,擅长书体,正书
徐霖,擅长书体,行书
徐霖,擅长书体,篆书
徐霖,风格特征,笔力道劲
徐霖,师承,欧阳询
徐霖,师承,颜真卿
徐霖,师承,朱熹
徐霖,师承,赵孟頫

费宏,所处时代,明
费宏,籍贯,江西铅山
费宏,擅长书体,（无明确擅长书体）
费宏,风格特征,清丽朗润
费宏,师承,王羲之
费宏,师承,王献之

陈沂,所处时代,明
陈沂,籍贯,鄞（今浙江宁波）
陈沂,擅长书体,（无明确擅长书体）
陈沂,风格特征,（无明确风格特征）
陈沂,师承,苏轼

文徵明,所处时代,明
文徵明,籍贯,长洲（今江苏苏州）
文徵明,擅长书体,行草
文徵明,擅长书体,隶书
文徵明,风格特征,温润秀劲
文徵明,师承,钟繇
文徵明,师承,王羲之
文徵明,师承,智永
文徵明,师承,黄庭坚
文徵明,师承,赵孟頫
文徵明,师承,沈周
文徵明,师承,李应祯
文徵明,受其影响,唐寅
文徵明,受其影响,文彭
文徵明,受其影响,文嘉
文徵明,受其影响,周天球
文徵明,受其影响,陆师道
文徵明,受其影响,居节
文徵明,受其影响,陈淳
文徵明,受其影响,王穉登

唐寅,所处时代,明
唐寅,籍贯,吴县（今江苏苏州）
唐寅,擅长书体,（无明确擅长书体）
唐寅,风格特征,秀润中见遒劲
唐寅,师承,王羲之
唐寅,师承,王献之
唐寅,师承,李邕
唐寅,师承,颜真卿
唐寅,师承,米芾
唐寅,师承,赵孟頫
唐寅,师承,文徵明

王守仁,所处时代,明
王守仁,籍贯,今浙江余姚
王守仁,擅长书体,行书
王守仁,风格特征,清劲绝伦
王守仁,师承,王羲之
王守仁,师承,王献之

陆深,所处时代,明
陆深,籍贯,华亭（今上海松江）
陆深,擅长书体,行书
陆深,风格特征,铁划银钩
陆深,师承,王羲之
陆深,师承,李邕
陆深,受其影响,张电

夏言,所处时代,明
夏言,籍贯,贵溪（今江西贵溪）
夏言,擅长书体,行书
夏言,风格特征,遒美
夏言,师承,（无明确师承）
夏言,受其影响,（无明确受其影响）

陈淳,所处时代,明
陈淳,籍贯,苏州（今江苏苏州）
陈淳,擅长书体,行书
陈淳,擅长书体,小篆
陈淳,风格特征,老笔纵横
陈淳,师承,杨凝式
陈淳,师承,林藻
陈淳,师承,文徵明

杨慎,所处时代,明
杨慎,籍贯,四川新都
杨慎,擅长书体,（无明确擅长书体）
杨慎,风格特征,（无明确风格特征）
杨慎,师承,王羲之
杨慎,师承,王献之
杨慎,师承,赵孟頫

沈仕,所处时代,明
沈仕,籍贯,仁和（今浙江杭州）
沈仕,擅长书体,行草
沈仕,风格特征,神采飞动

王守,所处时代,明
王守,籍贯,长洲（今江苏苏州）
王守,擅长书体,楷书
王守,擅长书体,行书
王守,风格特征,（无明确风格特征）
王守,师承,李怀琳

丰坊,所处时代,明
丰坊,籍贯,鄞（今浙江宁波）
丰坊,擅长书体,草书
丰坊,风格特征,腕力极健
丰坊,师承,（无明确师承）
丰坊,受其影响,（无明确受其影响）

王宠,所处时代,明
王宠,籍贯,吴（今江苏苏州）
王宠,擅长书体,楷书
王宠,擅长书体,行书
王宠,擅长书体,行草
王宠,风格特征,婉丽遒逸
王宠,师承,王献之
王宠,师承,智永
王宠,师承,虞世南
王宠,师承,蔡羽
王宠,受其影响,王穉登

王问,所处时代,明
王问,籍贯,无锡（今江苏无锡）
王问,擅长书体,行草
王问,风格特征,风骨遒劲
王问,师承,（无明确师承）
王问,受其影响,（无明确受其影响）

文彭,所处时代,明
文彭,籍贯,长洲（今江苏苏州）
文彭,擅长书体,篆书
文彭,擅长书体,隶书
文彭,擅长书体,行书
文彭,风格特征,萧散之气
文彭,师承,钟繇
文彭,师承,王羲之
文彭,师承,怀素
文彭,师承,孙过庭
文彭,师承,文徵明

马愈,所处时代,明
马愈,籍贯,嘉定（今属上海市）
马愈,擅长书体,行书
马愈,风格特征,笔势开张
马愈,师承,黄庭坚

朱希周,所处时代,明
朱希周,籍贯,昆山（今江苏昆山）
朱希周,擅长书体,楷书
朱希周,风格特征,极谨细

乔宇,所处时代,明
乔宇,籍贯,太原乐平（今山西昔阳）
乔宇,擅长书体,篆书
乔宇,风格特征,二李风

沈藻,所处时代,明
沈藻,籍贯,华亭（今上海松江）
沈藻,师承,沈度

张电,所处时代,明
张电,籍贯,上海
张电,师承,陆深
张电,师承,沈度
张电,师承,沈粲

张骏,所处时代,明
张骏,籍贯,华亭（今上海松江）
张骏,擅长书体,行书
张骏,擅长书体,草书
张骏,擅长书体,隶书
张骏,擅长书体,篆书
张骏,风格特征,龙蛇战斗之势
张骏,师承,怀素
张骏,师承,张弼

张璧,所处时代,明
张璧,籍贯,石首（今属湖北）
张璧,擅长书体,行书
张璧,擅长书体,草书
张璧,风格特征,姿媚秀

姜立纲,所处时代,明
姜立纲,籍贯,浙江瑞安
姜立纲,擅长书体,楷书
姜立纲,擅长书体,草书
姜立纲,风格特征,清劲方正
姜立纲,师承,沈度
姜立纲,师承,沈粲

蔡羽,所处时代,明
蔡羽,籍贯,吴（今江苏苏州）
蔡羽,擅长书体,正书
蔡羽,擅长书体,行押书
蔡羽,风格特征,姿尽骨全

詹僖,所处时代,明
詹僖,籍贯,四明（今浙江宁波）
詹僖,擅长书体,（无明确擅长书体）
詹僖,风格特征,遒劲可法
詹僖,师承,王羲之
詹僖,师承,赵孟頫

文嘉,所处时代,明
文嘉,籍贯,长洲（今江苏苏州）
文嘉,擅长书体,行书
文嘉,风格特征,轻清劲爽
文嘉,师承,文徵明

王穀祥,所处时代,明
王穀祥,籍贯,长洲（今江苏苏州）
王穀祥,擅长书体,（无明确擅长书体）
王穀祥,风格特征,老健
王穀祥,师承,赵孟頫

罗洪先,所处时代,明
罗洪先,籍贯,吉水（今江西吉水）
罗洪先,擅长书体,（无明确擅长书体）
罗洪先,风格特征,丰肉少骨

彭年,所处时代,明
彭年,籍贯,吴（今江苏苏州）
彭年,擅长书体,楷书
彭年,擅长书体,行草
彭年,风格特征,（无明确风格特征）
彭年,师承,欧阳询
彭年,师承,颜真卿
彭年,师承,苏轼

唐顺之,所处时代,明
唐顺之,籍贯,武进（今江苏常州）
唐顺之,擅长书体,草书
唐顺之,风格特征,清劲流畅

莫如忠,所处时代,明
莫如忠,籍贯,华亭（今上海松江）
莫如忠,擅长书体,草书
莫如忠,风格特征,势若龙蟠虎卧
莫如忠,师承,王羲之
莫如忠,师承,王献之

黄姬水,所处时代,明
黄姬水,籍贯,长洲（今江苏苏州）
黄姬水,擅长书体,行草
黄姬水,风格特征,萧散跌宕
黄姬水,师承,虞世南
黄姬水,师承,祝允明
黄姬水,师承,文徵明
黄姬水,师承,王宠
黄姬水,受其影响,王穉登

严讷,所处时代,明
严讷,籍贯,江苏常熟
严讷,师承,钟繇
严讷,师承,王羲之
严讷,师承,赵孟頫

茅坤,所处时代,明
茅坤,籍贯,归安（今浙江湖州）
茅坤,擅长书体,行书
茅坤,擅长书体,草书
茅坤,风格特征,丰姿媚
茅坤,师承,王羲之
茅坤,师承,王献之
茅坤,师承,怀素
茅坤,师承,李邕

俞允文,所处时代,明
俞允文,籍贯,昆山（今江苏昆山）
俞允文,擅长书体,行书
俞允文,擅长书体,八分
俞允文,风格特征,（无明确风格特征）
俞允文,师承,欧阳询
俞允文,师承,褚遂良
俞允文,师承,米芾

周天球,所处时代,明
周天球,籍贯,长洲（今江苏苏州）
周天球,擅长书体,大篆
周天球,擅长书体,小篆
周天球,擅长书体,隶书
周天球,擅长书体,行书
周天球,风格特征,静逸
周天球,师承,文徵明
周天球,受其影响,王穉登

海瑞,所处时代,明
海瑞,籍贯,琼山（今海南海口）
海瑞,擅长书体,（无明确擅长书体）
海瑞,风格特征,俊逸可爱
海瑞,师承,钟繇
海瑞,师承,王羲之

陈芹,所处时代,明
陈芹,籍贯,金陵（今江苏南京）
陈芹,擅长书体,章草
陈芹,风格特征,俊逸可爱
陈芹,师承,钟繇
陈芹,师承,王羲之

杨继盛,所处时代,明
杨继盛,籍贯,河北容城
杨继盛,擅长书体,（无明确擅长书体）
杨继盛,风格特征,笔力老健

陆师道,所处时代,明
陆师道,籍贯,长洲（今江苏苏州）
陆师道,擅长书体,隶书
陆师道,擅长书体,小楷
陆师道,风格特征,（无明确风格特征）
陆师道,师承,颜真卿
陆师道,师承,文徵明

徐渭,所处时代,明
徐渭,籍贯,山阴（今浙江绍兴）
徐渭,擅长书体,行草
徐渭,风格特征,纵逸飞动
徐渭,师承,黄庭坚
徐渭,师承,苏轼
徐渭,师承,米芾
徐渭,师承,怀素

项元汴,所处时代,明
项元汴,籍贯,浙江嘉兴
项元汴,擅长书体,（无明确擅长书体）
项元汴,风格特征,（无明确风格特征）
项元汴,师承,智永
项元汴,师承,赵孟頫

王世贞,所处时代,明
王世贞,籍贯,江苏太仓
王世贞,擅长书体,（无明确擅长书体）
王世贞,风格特征,笔法古雅
王世贞,师承,（无明确师承）
王世贞,受其影响,（无明确受其影响）

张凤翼,所处时代,明
张凤翼,籍贯,长洲（今江苏苏州）
张凤翼,擅长书体,（无明确擅长书体）
张凤翼,风格特征,坚劲妍美
张凤翼,师承,王羲之
张凤翼,师承,王献之

居节,所处时代,明
居节,籍贯,长洲（今江苏苏州）
居节,擅长书体,（无明确擅长书体）
居节,风格特征,遒丽潇洒
居节,师承,文徵明

孙克弘,所处时代,明
孙克弘,籍贯,华亭（今上海松江）
孙克弘,师承,宋克

王锡爵,所处时代,明
王锡爵,籍贯,太仓（今江苏太仓）
王锡爵,擅长书体,楷书
王锡爵,风格特征,清整秀劲
王锡爵,师承,王羲之
王锡爵,师承,孙过庭

王穉登,所处时代,明
王穉登,籍贯,江阴（今江苏江阴）
王穉登,擅长书体,行书
王穉登,擅长书体,草书
王穉登,擅长书体,篆书
王穉登,擅长书体,隶书
王穉登,风格特征,瘦而不露骨
王穉登,师承,文徵明
王穉登,师承,黄姬水
王穉登,师承,周天球

申时行,所处时代,明
申时行,籍贯,吴县（今江苏苏州）
申时行,擅长书体,行书
申时行,擅长书体,草书
申时行,师承,王羲之
申时行,师承,王献之

莫是龙,所处时代,明
莫是龙,籍贯,华亭（今上海松江）
莫是龙,擅长书体,行草
莫是龙,风格特征,豪逸有态
莫是龙,师承,钟繇
莫是龙,师承,王羲之
莫是龙,师承,米芾

祝世禄,所处时代,明
祝世禄,籍贯,江西德兴
祝世禄,擅长书体,草书
祝世禄,风格特征,风骨烂漫

陆应阳,所处时代,明
陆应阳,籍贯,上海青浦
陆应阳,擅长书体,（无明确擅长书体）
陆应阳,风格特征,（无明确风格特征）
陆应阳,师承,（无明确师承）
陆应阳,受其影响,（无明确受其影响）

屠隆,所处时代,明
屠隆,籍贯,鄞（今浙江宁波）
屠隆,擅长书体,（无明确擅长书体）
屠隆,风格特征,（无明确风格特征）
屠隆,师承,（无明确师承）
屠隆,受其影响,（无明确受其影响）

德清,所处时代,明
德清,籍贯,安徽全椒
德清,擅长书体,行书
德清,擅长书体,草书
德清,师承,王羲之
德清,师承,王献之

严徵,所处时代,明
严徵,籍贯,江苏常熟
严徵,擅长书体,行书
严徵,风格特征,飘逸潇洒
严徵,师承,钟繇
严徵,师承,王羲之
严徵,开创流派,虞山琴派

丁云鹏,所处时代,明
丁云鹏,籍贯,休宁（今安徽休宁）
丁云鹏,擅长书体,（无明确擅长书体）
丁云鹏,风格特征,（无明确风格特征）
丁云鹏,师承,钟繇
丁云鹏,师承,王羲之

朱之蕃,所处时代,明
朱之蕃,籍贯,山东荏平
朱之蕃,师承,颜真卿
朱之蕃,师承,赵孟頫
朱之蕃,师承,文徵明

汤显祖,所处时代,明
汤显祖,籍贯,江西临川
汤显祖,擅长书体,唐
汤显祖,风格特征,潇洒雅逸

俞安期,所处时代,明
俞安期,籍贯,吴江（今江苏吴江）
俞安期,擅长书体,行书
俞安期,擅长书体,楷书

邢侗,所处时代,明
邢侗,籍贯,临邑（今山东临清）
邢侗,师承,钟繇
邢侗,师承,王羲之
邢侗,师承,虞世南
邢侗,师承,褚遂良
邢侗,师承,怀素
邢侗,师承,米芾

邹元标,所处时代,明
邹元标,籍贯,江西吉水
邹元标,擅长书体,（无明确擅长书体）
邹元标,风格特征,（无明确风格特征）
邹元标,师承,（无明确师承）
邹元标,受其影响,（无明确受其影响）

娄坚,所处时代,明
娄坚,籍贯,嘉定（今属上海市）
娄坚,擅长书体,行楷
娄坚,风格特征,笔力遒劲

董其昌,所处时代,明
董其昌,籍贯,华亭（今上海松江）
董其昌,擅长书体,行书
董其昌,擅长书体,楷书
董其昌,风格特征,飘逸空灵
董其昌,师承,钟繇
董其昌,师承,王羲之
董其昌,师承,王献之
董其昌,师承,虞世南
董其昌,师承,颜真卿
董其昌,师承,李邕
董其昌,师承,徐浩
董其昌,师承,杨凝式
董其昌,师承,米芾
董其昌,受其影响,王时敏
董其昌,受其影响,查士标
董其昌,受其影响,沈荃
董其昌,受其影响,孙岳颁
董其昌,受其影响,查昇
董其昌,受其影响,玄烨
董其昌,受其影响,张照
董其昌,受其影响,王文治

陈继儒,所处时代,明
陈继儒,籍贯,华亭（今上海松江）
陈继儒,擅长书体,（无明确擅长书体）
陈继儒,风格特征,（无明确风格特征）
陈继儒,师承,苏轼
陈继儒,师承,米芾

范允临,所处时代,明
范允临,籍贯,吴县（今江苏苏州）
范允临,擅长书体,（无明确擅长书体）
范允临,风格特征,苍润秀丽
范允临,师承,（无明确师承）
范允临,受其影响,（无明确受其影响）

叶向高,所处时代,明
叶向高,籍贯,福建福清
叶向高,擅长书体,（无明确擅长书体）
叶向高,风格特征,姿媚
叶向高,师承,王羲之
叶向高,师承,王献之

赵宦光,所处时代,明
赵宦光,籍贯,太仓（今江苏太仓）
赵宦光,擅长书体,草篆
赵宦光,开创流派,草篆体

王衡,所处时代,明
王衡,籍贯,太仓（今江苏太仓）
王衡,师承,颜真卿
王衡,师承,苏轼

高攀龙,所处时代,明
高攀龙,籍贯,无锡（今江苏无锡）
高攀龙,擅长书体,小楷
高攀龙,风格特征,笔力劲秀

孙慎行,所处时代,明
孙慎行,籍贯,江苏武进
孙慎行,擅长书体,行书
孙慎行,风格特征,笔力道劲

李日华,所处时代,明
李日华,籍贯,嘉兴（今浙江嘉兴）
李日华,擅长书体,（无明确擅长书体）
李日华,风格特征,（无明确风格特征）
李日华,师承,（无明确师承）
李日华,受其影响,（无明确受其影响）

程嘉燧,所处时代,明
程嘉燧,籍贯,休宁（今安徽休宁）
程嘉燧,擅长书体,（无明确擅长书体）
程嘉燧,风格特征,清劲拔俗

张瑞图,所处时代,明
张瑞图,籍贯,福建晋江
张瑞图,擅长书体,行书
张瑞图,风格特征,奇逸
张瑞图,师承,钟繇
张瑞图,师承,王羲之
张瑞图,师承,王献之
张瑞图,师承,孙过庭
张瑞图,师承,苏轼
张瑞图,开创流派,偏锋书法

米万钟,所处时代,明
米万钟,籍贯,关中（今陕西）
米万钟,擅长书体,行草
米万钟,风格特征,（无明确风格特征）
米万钟,师承,米芾

文从简,所处时代,明
文从简,籍贯,长洲（今江苏苏州）
文从简,师承,李邕

文震孟,所处时代,明
文震孟,籍贯,长洲（今江苏苏州）
文震孟,师承,文徵明

曹学佺,所处时代,明
曹学佺,籍贯,侯官（今福建福州）
曹学佺,擅长书体,草书
曹学佺,风格特征,气度从容

归昌世,所处时代,明
归昌世,籍贯,江苏昆山
归昌世,擅长书体,草书
归昌世,师承,（无明确师承）
归昌世,受其影响,（无明确受其影响）

李流芳,所处时代,明
李流芳,籍贯,歙县（今安徽歙县）
李流芳,师承,苏轼

严衍,所处时代,明
严衍,籍贯,嘉定（今属上海市）
严衍,擅长书体,行书
严衍,擅长书体,草书
严衍,师承,褚遂良
严衍,师承,米芾

宋珏,所处时代,明
宋珏,籍贯,莆田（今福建莆田）
宋珏,擅长书体,八分
宋珏,风格特征,苍老雄浑
宋珏,开创流派,莆田派（篆刻）

俞琬纶,所处时代,明
俞琬纶,籍贯,长洲（今江苏苏州）
俞琬纶,擅长书体,行草
俞琬纶,师承,王羲之
俞琬纶,师承,王献之

眭嵩年,所处时代,明
眭嵩年,籍贯,江苏丹阳
眭嵩年,擅长书体,草书
眭嵩年,师承,怀素

黄道周,所处时代,明
黄道周,籍贯,福建漳州
黄道周,擅长书体,行草
黄道周,擅长书体,楷书
黄道周,风格特征,骨格苍凝
黄道周,师承,钟繇
黄道周,师承,王羲之
黄道周,师承,王献之

瞿式耜,所处时代,明
瞿式耜,籍贯,虞山（今江苏常熟）
瞿式耜,擅长书体,唐
瞿式耜,风格特征,刚劲挺拔
瞿式耜,师承,（无明确师承）
瞿式耜,受其影响,（无明确受其影响）

侯峒曾,所处时代,明
侯峒曾,籍贯,嘉定（今属上海市）
侯峒曾,擅长书体,行书
侯峒曾,风格特征,圆劲有韵
侯峒曾,师承,苏轼
侯峒曾,师承,米芾

倪元璐,所处时代,明
倪元璐,籍贯,浙江上虞
倪元璐,擅长书体,行草
倪元璐,风格特征,灵秀神妙
倪元璐,师承,颜真卿

邵弥,所处时代,明
邵弥,籍贯,长洲（今江苏苏州）
邵弥,擅长书体,草书
邵弥,擅长书体,楷书
邵弥,风格特征,（无明确风格特征）
邵弥,师承,钟繇
邵弥,师承,米芾

戴笠,所处时代,明
戴笠,籍贯,仁和（今浙江杭州）
戴笠,擅长书体,行书
戴笠,擅长书体,草书
戴笠,风格特征,（无明确风格特征）
戴笠,师承,（无明确师承）
戴笠,受其影响,（无明确受其影响）

杨文骢,所处时代,明
杨文骢,籍贯,贵阳（今属贵州）
杨文骢,擅长书体,（无明确擅长书体）
杨文骢,风格特征,超逸
杨文骢,师承,（无明确师承）
杨文骢,受其影响,（无明确受其影响）

陈洪绶,所处时代,明
陈洪绶,籍贯,浙江诸暨
陈洪绶,擅长书体,行书
陈洪绶,风格特征,遒逸高古
陈洪绶,受其影响,谢稚柳

王逢元,所处时代,明
王逢元,籍贯,金陵（今江苏南京）
王逢元,擅长书体,楷书
王逢元,擅长书体,草书
王逢元,风格特征,庄重沉着
王逢元,师承,钟繇
王逢元,师承,王羲之
王逢元,师承,智永
王逢元,师承,黄庭坚

王逢年,所处时代,明
王逢年,籍贯,昆山（今江苏昆山）
王逢年,擅长书体,（无明确擅长书体）
王逢年,风格特征,（无明确风格特征）
王逢年,师承,王羲之

邢慈静,所处时代,明
邢慈静,籍贯,临邑（今山东临清）
邢慈静,擅长书体,（无明确擅长书体）
邢慈静,风格特征,笔力矫健
邢慈静,师承,王羲之
邢慈静,师承,邢侗

杨明时,所处时代,明
杨明时,籍贯,歙（今安徽歙县）
杨明时,擅长书体,楷书
杨明时,擅长书体,行书
杨明时,风格特征,古健遒劲

刘允明,所处时代,明
刘允明,籍贯,浙江德清
刘允明,擅长书体,楷书
刘允明,擅长书体,行书
刘允明,擅长书体,草书
刘允明,风格特征,笔势雄健
刘允明,师承,王羲之
刘允明,师承,米芾

许友,所处时代,明
许友,籍贯,侯官（今福建福州）
许友,擅长书体,（无明确擅长书体）
许友,风格特征,（无明确风格特征）
许友,师承,米芾

许光祚,所处时代,明
许光祚,籍贯,仁和（今浙江杭州）
许光祚,擅长书体,（无明确擅长书体）
许光祚,风格特征,（无明确风格特征）
许光祚,师承,（无明确师承）
许光祚,受其影响,（无明确受其影响）

严澍,所处时代,明
严澍,籍贯,江苏常熟
严澍,擅长书体,楷书
严澍,风格特征,笔势飞动
严澍,师承,虞世南
严澍,师承,米芾

吴应卯,所处时代,明
吴应卯,籍贯,江苏无锡
吴应卯,师承,祝允明

汪俊,所处时代,明
汪俊,籍贯,江西弋阳
汪俊,师承,钟繇
汪俊,师承,王羲之

陈元素,所处时代,明
陈元素,籍贯,长洲（今江苏苏州）
陈元素,擅长书体,楷书
陈元素,擅长书体,草书
陈元素,风格特征,清雅俊逸
陈元素,师承,欧阳询
陈元素,师承,王羲之
陈元素,师承,王献之

项穆,所处时代,明
项穆,籍贯,浙江嘉兴
项穆,擅长书体,（无明确擅长书体）
项穆,风格特征,（无明确风格特征）
项穆,师承,王羲之
项穆,师承,欧阳询

徐兰,所处时代,明
徐兰,籍贯,浙江宁波
徐兰,擅长书体,八分
徐兰,擅长书体,行书
徐兰,风格特征,淳古遒劲
徐兰,师承,赵孟頫
徐兰,师承,蔡邕

黄辉,所处时代,明
黄辉,籍贯,四川南充
黄辉,擅长书体,行书
黄辉,风格特征,苍奥古雅

詹景凤,所处时代,明
詹景凤,籍贯,安徽休宁
詹景凤,擅长书体,草书
詹景凤,风格特征,端庄可爱
詹景凤,师承,王羲之
詹景凤,师承,王献之

蒋明凤,所处时代,明
蒋明凤,籍贯,浙江长兴
蒋明凤,擅长书体,草书
蒋明凤,风格特征,笔势遒劲
蒋明凤,师承,李邕
蒋明凤,师承,孙过庭

周叔宗,所处时代,明
周叔宗,籍贯,松陵（今江苏吴江）
周叔宗,擅长书体,（无明确擅长书体）
周叔宗,风格特征,（无明确风格特征）
周叔宗,师承,王羲之
周叔宗,师承,王献之
周叔宗,师承,颜真卿
周叔宗,师承,米芾
周叔宗,师承,祝允明

史可法,所处时代,明
史可法,籍贯,大兴（今河北大兴）
史可法,擅长书体,（无明确擅长书体）
史可法,风格特征,气势严正

祁彪佳,所处时代,明
祁彪佳,籍贯,山阴（今浙江绍兴）
祁彪佳,擅长书体,（无明确擅长书体）
祁彪佳,风格特征,清雅秀韵
祁彪佳,师承,董其昌

万寿祺,所处时代,明
万寿祺,籍贯,江苏徐州
万寿祺,擅长书体,行楷
万寿祺,风格特征,遒逸
万寿祺,师承,颜真卿

李待问,所处时代,明
李待问,籍贯,华亭（今上海松江）
李待问,擅长书体,（无明确擅长书体）
李待问,风格特征,（无明确风格特征）
李待问,师承,董其昌

黄淳耀,所处时代,明
黄淳耀,籍贯,嘉定（今属上海市）
黄淳耀,擅长书体,（无明确擅长书体）
黄淳耀,风格特征,（无明确风格特征）
黄淳耀,师承,颜真卿

屈大均,所处时代,清
屈大均,籍贯,番禺（今广东广州）
屈大均,擅长书体,行草
屈大均,擅长书体,隶书
屈大均,风格特征,（无明确风格特征）
屈大均,师承,钟繇
屈大均,师承,王羲之
屈大均,师承,苏轼

吴孔嘉,所处时代,明
吴孔嘉,籍贯,歙县（今安徽歙县）
吴孔嘉,师承,苏轼
吴孔嘉,师承,米芾

钱谦益,所处时代,清
钱谦益,籍贯,江苏常熟
钱谦益,擅长书体,行书
钱谦益,风格特征,沉着含蓄
钱谦益,师承,钟繇
钱谦益,师承,王羲之
钱谦益,师承,王献之
钱谦益,师承,颜真卿

王时敏,所处时代,清
王时敏,籍贯,江苏太仓
王时敏,擅长书体,隶书
王时敏,风格特征,（无明确风格特征）
王时敏,师承,董其昌

王铎,所处时代,清
王铎,籍贯,孟津（今属河南）
王铎,擅长书体,行草
王铎,风格特征,雄强豪迈
王铎,师承,钟繇
王铎,师承,王羲之
王铎,师承,王献之
王铎,师承,张旭
王铎,师承,颜真卿
王铎,师承,柳公权
王铎,师承,米芾
王铎,师承,祝允明

孙承泽,所处时代,清
孙承泽,籍贯,山东益都
孙承泽,擅长书体,行书
孙承泽,擅长书体,楷书
孙承泽,风格特征,刚劲圆润
孙承泽,师承,颜真卿
孙承泽,师承,苏轼
孙承泽,师承,米芾

普荷,所处时代,清
普荷,籍贯,云南晋宁
普荷,师承,董其昌

祁豸佳,所处时代,清
祁豸佳,籍贯,山阴（今浙江绍兴）
祁豸佳,师承,董其昌

王鉴,所处时代,清
王鉴,籍贯,江苏太仓
王鉴,擅长书体,（无明确擅长书体）
王鉴,风格特征,灵动遒逸

金俊明,所处时代,清
金俊明,籍贯,吴县（今江苏苏州）
金俊明,擅长书体,行草
金俊明,擅长书体,楷书
金俊明,风格特征,（无明确风格特征）

程正揆,所处时代,清
程正揆,籍贯,湖北孝感
程正揆,擅长书体,行书
程正揆,风格特征,丰韵萧然
程正揆,师承,李邕
程正揆,师承,颜真卿

傅山,所处时代,清
傅山,籍贯,阳曲（今属山西）
傅山,擅长书体,草书
傅山,擅长书体,楷书
傅山,风格特征,婉转遒劲
傅山,师承,钟繇
傅山,师承,王羲之
傅山,师承,王献之
傅山,师承,颜真卿
傅山,师承,赵孟頫
傅山,师承,董其昌

程邃,所处时代,清
程邃,籍贯,安徽歙县
程邃,擅长书体,分书
程邃,风格特征,（无明确风格特征）
程邃,开创流派,皖派（篆刻）

王光承,所处时代,清
王光承,籍贯,华亭（今上海松江）
王光承,擅长书体,草书
王光承,风格特征,（无明确风格特征）

方以智,所处时代,清
方以智,籍贯,安徽桐城
方以智,擅长书体,行书
方以智,擅长书体,楷书
方以智,风格特征,清秀遒劲
方以智,师承,王羲之
方以智,师承,王献之
方以智,师承,张旭
方以智,师承,怀素

冒襄,所处时代,清
冒襄,籍贯,江苏如皋
冒襄,师承,董其昌

黄周星,所处时代,清
黄周星,籍贯,上元（今南京）
黄周星,擅长书体,行书
黄周星,擅长书体,草书
黄周星,擅长书体,隶书
黄周星,风格特征,（无明确风格特征）

杜濬,所处时代,清
杜濬,籍贯,湖北黄冈
杜濬,擅长书体,行书
杜濬,擅长书体,草书
杜濬,风格特征,遒劲雄健

周亮工,所处时代,清
周亮工,籍贯,河南祥符
周亮工,擅长书体,分隶
周亮工,风格特征,（无明确风格特征）

法若真,所处时代,清
法若真,籍贯,胶州（今山东胶县）
法若真,擅长书体,行草
法若真,风格特征,婉转灵动
法若真,师承,钟繇
法若真,师承,王羲之

顾炎武,所处时代,清
顾炎武,籍贯,江苏昆山
顾炎武,擅长书体,（无明确擅长书体）
顾炎武,风格特征,（无明确风格特征）

归庄,所处时代,清
归庄,籍贯,江苏昆山
归庄,擅长书体,行草
归庄,擅长书体,草书
归庄,风格特征,虚和圆熟

龚鼎孳,所处时代,清
龚鼎孳,籍贯,安徽合肥
龚鼎孳,擅长书体,行书
龚鼎孳,风格特征,清隽秀拔

查士标,所处时代,清
查士标,籍贯,海阳（今安徽休宁）
查士标,师承,米芾
查士标,师承,董其昌

龚贤,所处时代,清
龚贤,籍贯,江苏昆山
龚贤,擅长书体,行草
龚贤,风格特征,笔势雄健
龚贤,师承,王羲之
龚贤,师承,王献之
龚贤,师承,李邕

尤侗,所处时代,清
尤侗,籍贯,长洲（今江苏苏州）
尤侗,擅长书体,（无明确擅长书体）
尤侗,风格特征,颇具天趣

宋曹,所处时代,清
宋曹,籍贯,江苏盐城
宋曹,擅长书体,（无明确擅长书体）
宋曹,风格特征,（无明确风格特征）
宋曹,师承,王羲之
宋曹,师承,王献之

吕潜,所处时代,清
吕潜,籍贯,四川遂宁
吕潜,擅长书体,行书
吕潜,风格特征,纵逸潇洒

郑簠,所处时代,清
郑簠,籍贯,上元（今江苏南京）
郑簠,擅长书体,八分
郑簠,风格特征,遒媚飘逸
郑簠,师承,宋比玉

徐枋,所处时代,清
徐枋,籍贯,吴县（今江苏苏州）
徐枋,擅长书体,行草
徐枋,风格特征,瘦硬通神
徐枋,师承,王羲之
徐枋,师承,孙过庭

王弘撰,所处时代,清
王弘撰,籍贯,陕西华阴
王弘撰,擅长书体,行书
王弘撰,风格特征,（无明确风格特征）
王弘撰,师承,王羲之
王弘撰,师承,颜真卿
王弘撰,师承,米芾

梅清,所处时代,清
梅清,籍贯,安徽宣城
梅清,师承,颜真卿
梅清,师承,杨凝式

笪重光,所处时代,清
笪重光,籍贯,江苏句容
笪重光,擅长书体,小楷
笪重光,风格特征,超妙之致
笪重光,师承,苏轼
笪重光,师承,米芾
笪重光,受其影响,王文治

毛奇龄,所处时代,清
毛奇龄,籍贯,浙江萧山
毛奇龄,师承,王羲之
毛奇龄,师承,王献之

吴山涛,所处时代,清
吴山涛,籍贯,钱塘（今浙江杭州）
吴山涛,擅长书体,（无明确擅长书体）
吴山涛,风格特征,秀劲飘逸

沈荃,所处时代,清
沈荃,籍贯,华亭（今上海松江）
沈荃,师承,董其昌

汪琬,所处时代,清
汪琬,籍贯,长洲（今江苏苏州）
汪琬,擅长书体,楷书
汪琬,擅长书体,行书
汪琬,风格特征,姿美秀逸
汪琬,师承,钟繇
汪琬,师承,王羲之

朱耷,所处时代,清
朱耷,籍贯,南昌（今属江西）
朱耷,擅长书体,行楷
朱耷,擅长书体,狂草
朱耷,风格特征,含蓄内敛
朱耷,师承,王献之
朱耷,师承,颜真卿

姜宸英,所处时代,清
姜宸英,籍贯,浙江慈溪
姜宸英,擅长书体,小楷
姜宸英,风格特征,（无明确风格特征）
姜宸英,师承,虞世南
姜宸英,师承,褚遂良
姜宸英,师承,欧阳询

朱彝尊,所处时代,清
朱彝尊,籍贯,秀水（今浙江嘉兴）
朱彝尊,擅长书体,隶书
朱彝尊,风格特征,笔意秀劲

陈恭尹,所处时代,清
陈恭尹,籍贯,广东顺德
陈恭尹,擅长书体,行书
陈恭尹,擅长书体,草书
陈恭尹,擅长书体,分书
陈恭尹,擅长书体,隶书
陈恭尹,风格特征,腕力甚劲

梁佩兰,所处时代,清
梁佩兰,籍贯,南海（今广州）
梁佩兰,擅长书体,榜书
梁佩兰,师承,李邕
梁佩兰,师承,苏轼
梁佩兰,师承,米芾

宋荦,所处时代,清
宋荦,籍贯,河南商丘
宋荦,师承,王羲之
宋荦,师承,王献之

王士禛,所处时代,清
王士禛,籍贯,山东新城
王士禛,擅长书体,行书
王士禛,风格特征,高秀似晋人

福临,所处时代,清
福临,籍贯,满洲
福临,擅长书体,（无明确擅长书体）
福临,风格特征,（无明确风格特征）
福临,师承,钟繇
福临,师承,王羲之

孙岳颁,所处时代,清
孙岳颁,籍贯,吴县（今江苏苏州）
孙岳颁,师承,董其昌

梅庚,所处时代,清
梅庚,籍贯,安徽宣城
梅庚,擅长书体,篆书
梅庚,擅长书体,隶书
梅庚,风格特征,古朴高雅

原济（石涛）,所处时代,清
原济（石涛）,籍贯,广西全州
原济（石涛）,擅长书体,行草
原济（石涛）,擅长书体,隶书
原济（石涛）,风格特征,古朴遒劲
原济（石涛）,师承,钟繇
原济（石涛）,师承,王羲之
原济（石涛）,师承,苏轼
原济（石涛）,师承,倪瓒
原济（石涛）,师承,董其昌

吴雯,所处时代,清
吴雯,籍贯,辽宁辽阳 籍山西蒲州
吴雯,擅长书体,（无明确擅长书体）
吴雯,风格特征,腴润有致
吴雯,师承,苏轼
吴雯,师承,米芾

王鸿绪,所处时代,清
王鸿绪,籍贯,华亭（今上海松江）
王鸿绪,师承,米芾
王鸿绪,师承,董其昌

王概,所处时代,清
王概,籍贯,秀水（今浙江嘉兴）
王概,擅长书体,行书
王概,风格特征,清劲飘逸

高士奇,所处时代,清
高士奇,籍贯,浙江平湖
高士奇,擅长书体,小楷
高士奇,风格特征,整洁可观
高士奇,师承,钟繇
高士奇,师承,王羲之
高士奇,师承,颜真卿

程京萼,所处时代,清
程京萼,籍贯,上元（今江苏南京）
程京萼,擅长书体,（无明确擅长书体）
程京萼,风格特征,空灵瘦硬
程京萼,师承,黄庭坚

彭定求,所处时代,清
彭定求,籍贯,长洲（今江苏苏州）
彭定求,擅长书体,行书
彭定求,风格特征,风神秀朗

姜实节,所处时代,清
姜实节,籍贯,山东莱阳
姜实节,擅长书体,（无明确擅长书体）
姜实节,风格特征,笔势如篆楷

陈奕禧,所处时代,清
陈奕禧,籍贯,浙江海宁
陈奕禧,擅长书体,小楷
陈奕禧,风格特征,沉着浑融

杨宾,所处时代,清
杨宾,籍贯,山阴（今浙江绍兴）
杨宾,擅长书体,（无明确擅长书体）
杨宾,风格特征,圆韵自然
杨宾,师承,王羲之
杨宾,受其影响,蒋衡

查昇,所处时代,清
查昇,籍贯,浙江海宁
查昇,师承,董其昌

查慎行,所处时代,清
查慎行,籍贯,浙江海宁
查慎行,擅长书体,行书
查慎行,风格特征,圆劲秀润
查慎行,师承,王羲之
查慎行,师承,王献之

玄烨,所处时代,清
玄烨,籍贯,（无明确籍贯）
玄烨,师承,董其昌

徐用锡,所处时代,清
徐用锡,籍贯,江苏宿迁
徐用锡,擅长书体,（无明确擅长书体）
徐用锡,风格特征,苍劲飘逸
徐用锡,师承,颜真卿

汪士鋐,所处时代,清
汪士鋐,籍贯,长洲（今江苏苏州）
汪士鋐,擅长书体,（无明确擅长书体）
汪士鋐,风格特征,瘦硬
汪士鋐,师承,颜真卿
汪士鋐,师承,褚遂良
汪士鋐,师承,赵孟頫
汪士鋐,受其影响,朱稻孙

万经,所处时代,清
万经,籍贯,浙江鄞县
万经,擅长书体,隶书
万经,风格特征,古色黯然
万经,师承,郑簠

林佶,所处时代,清
林佶,籍贯,福建侯官
林佶,擅长书体,小篆
林佶,擅长书体,隶书
林佶,擅长书体,小楷

高其佩,所处时代,清
高其佩,籍贯,铁岭
高其佩,擅长书体,（无明确擅长书体）
高其佩,风格特征,高古秀雅

何焯,所处时代,清
何焯,籍贯,长洲（今江苏苏州）
何焯,擅长书体,行书
何焯,擅长书体,楷书
何焯,风格特征,秀韵不俗
何焯,受其影响,邵暽

陈鹏年,所处时代,清
陈鹏年,籍贯,湖南湘潭
陈鹏年,师承,孙过庭

王澍,所处时代,清
王澍,籍贯,江苏金坛
王澍,擅长书体,楷书
王澍,擅长书体,篆书
王澍,师承,李斯
王澍,师承,欧阳询

汪绎,所处时代,清
汪绎,籍贯,江苏常熟
汪绎,师承,王羲之
汪绎,师承,王献之

蒋衡,所处时代,清
蒋衡,籍贯,江苏金坛
蒋衡,擅长书体,小楷
蒋衡,风格特征,冠绝一时
蒋衡,师承,杨宾

陈邦彦,所处时代,清
陈邦彦,籍贯,浙江海宁
陈邦彦,擅长书体,行草
陈邦彦,风格特征,清华朗润
陈邦彦,师承,王羲之
陈邦彦,师承,王献之
陈邦彦,师承,董其昌

朱稻孙,所处时代,清
朱稻孙,籍贯,秀水（今浙江嘉兴）
朱稻孙,擅长书体,小楷
朱稻孙,擅长书体,八分
朱稻孙,擅长书体,小篆
朱稻孙,师承,柳公权
朱稻孙,师承,米芾
朱稻孙,师承,汪士鋐

华嵒,所处时代,清
华嵒,籍贯,福建上杭
华嵒,师承,王羲之
华嵒,师承,王献之
华嵒,师承,虞世南
华嵒,师承,米芾
华嵒,师承,恽寿平

高凤翰,所处时代,清
高凤翰,籍贯,胶州（今山东胶县）
高凤翰,擅长书体,隶书
高凤翰,擅长书体,草书
高凤翰,风格特征,浑雄古朴
高凤翰,同好,金农
高凤翰,同好,郑燮
高凤翰,同好,汪士慎
高凤翰,同好,李鱓

李鱓,所处时代,清
李鱓,籍贯,江苏兴化
李鱓,师承,颜真卿
李鱓,师承,柳公权
李鱓,同好,金农
李鱓,同好,郑燮
李鱓,同好,汪士慎

汪士慎,所处时代,清
汪士慎,籍贯,安徽休宁
汪士慎,擅长书体,隶书
汪士慎,擅长书体,行书
汪士慎,擅长书体,草书
汪士慎,风格特征,工妙胜于未替时
汪士慎,同好,金农
汪士慎,同好,郑燮
汪士慎,同好,李鱓
汪士慎,受其影响,金农

金农,所处时代,清
金农,籍贯,仁和（今浙江杭州）
金农,擅长书体,楷隶
金农,风格特征,淳古方整
金农,同好,郑燮
金农,同好,李鱓
金农,同好,汪士慎
金农,同好,高翔
金农,同好,黄慎
金农,开创流派,漆书
金农,师承,汪士慎

黄慎,所处时代,清
黄慎,籍贯,福建宁化
黄慎,擅长书体,草书
黄慎,风格特征,极古劲之致
黄慎,师承,怀素
黄慎,同好,金农
黄慎,同好,郑燮
黄慎,同好,汪士慎

高翔,所处时代,清
高翔,籍贯,甘泉（今江苏扬州）
高翔,擅长书体,八分
高翔,风格特征,奇古
高翔,同好,金农
高翔,同好,郑燮
高翔,同好,汪士慎

张照,所处时代,清
张照,籍贯,华亭（今上海松江）
张照,师承,颜真卿
张照,师承,米芾
张照,师承,董其昌
张照,受其影响,梁巘
张照,受其影响,孔继涑

汪由敦,所处时代,清
汪由敦,籍贯,安徽休宁
汪由敦,擅长书体,隶书
汪由敦,风格特征,清劲秀润
汪由敦,师承,王羲之
汪由敦,师承,欧阳询

郑燮（郑板桥）,所处时代,清
郑燮（郑板桥）,籍贯,江苏兴化
郑燮（郑板桥）,擅长书体,六分半书
郑燮（郑板桥）,风格特征,纵横错落
郑燮（郑板桥）,同好,金农
郑燮（郑板桥）,同好,李鱓
郑燮（郑板桥）,同好,汪士慎
郑燮（郑板桥）,开创流派,六分半书
郑燮（郑板桥）,受其影响,齐白石

丁敬,所处时代,清
丁敬,籍贯,钱塘（今浙江杭州）
丁敬,擅长书体,隶书
丁敬,风格特征,古奥寓金石气
丁敬,开创流派,浙派（篆刻）
丁敬,受其影响,张燕昌
丁敬,受其影响,蒋仁
丁敬,受其影响,黄易
丁敬,受其影响,奚冈

惠栋,所处时代,清
惠栋,籍贯,元和（今江苏苏州）
惠栋,擅长书体,篆书
惠栋,擅长书体,隶书
惠栋,风格特征,（无明确风格特征）

杨法,所处时代,清
杨法,籍贯,上元（今江苏南京）
杨法,擅长书体,草书
杨法,风格特征,恣逸

马世俊,所处时代,清
马世俊,籍贯,江苏溧阳
马世俊,师承,颜真卿

方亨咸,所处时代,清
方亨咸,籍贯,安徽桐城
方亨咸,擅长书体,小楷
方亨咸,风格特征,（无明确风格特征）

王图炳,所处时代,清
王图炳,籍贯,华亭（今上海松江）
王图炳,师承,董其昌

米汉雯,所处时代,清
米汉雯,籍贯,宛平（今北京）
米汉雯,师承,米芾

黄树穀,所处时代,清
黄树穀,籍贯,仁和（今浙江杭州）
黄树穀,擅长书体,小篆
黄树穀,擅长书体,八分
黄树穀,风格特征,（无明确风格特征）
黄树穀,好友,张照

蒋溥,所处时代,清
蒋溥,籍贯,江苏常熟
蒋溥,擅长书体,行书
蒋溥,擅长书体,楷书
蒋溥,风格特征,（无明确风格特征）

弘历,所处时代,清
弘历,籍贯,（无明确籍贯）
弘历,师承,赵孟頫

徐坚,所处时代,清
徐坚,籍贯,江苏吴县
徐坚,擅长书体,隶书
徐坚,风格特征,（无明确风格特征）

袁枚,所处时代,清
袁枚,籍贯,钱塘（今浙江杭州）
袁枚,擅长书体,（无明确擅长书体）
袁枚,风格特征,雅淡如幽花

陆飞,所处时代,清
陆飞,籍贯,仁和（今浙江杭州）
陆飞,擅长书体,（无明确擅长书体）
陆飞,风格特征,潇洒飘逸

刘墉,所处时代,清
刘墉,籍贯,山东诸城
刘墉,擅长书体,小楷
刘墉,擅长书体,中楷
刘墉,风格特征,貌丰骨劲
刘墉,师承,颜真卿
刘墉,师承,苏轼
刘墉,师承,赵孟頫
刘墉,师承,董其昌
刘墉,受其影响,王芑孙

周於礼,所处时代,清
周於礼,籍贯,云南嵋峨
周於礼,师承,苏轼
周於礼,师承,米芾

童钰,所处时代,清
童钰,籍贯,山阴（今浙江绍兴）
童钰,擅长书体,隶书
童钰,擅长书体,草书
童钰,风格特征,（无明确风格特征）

江声,所处时代,清
江声,籍贯,仁和（今浙江杭州）
江声,擅长书体,小篆
江声,风格特征,（无明确风格特征）
江声,受其影响,俞樾
江声,受其影响,江沅

王鸣盛,所处时代,清
王鸣盛,籍贯,嘉定（今属上海市）
王鸣盛,擅长书体,隶书
王鸣盛,擅长书体,楷书
王鸣盛,擅长书体,行书
王鸣盛,风格特征,秀劲清雅

梁同书,所处时代,清
梁同书,籍贯,钱塘（今浙江杭州）
梁同书,擅长书体,行草
梁同书,风格特征,平和自然
梁同书,师承,颜真卿
梁同书,师承,柳公权
梁同书,师承,苏轼
梁同书,师承,米芾
梁同书,师承,赵孟頫
梁同书,师承,董其昌

戴震,所处时代,清
戴震,籍贯,安徽休宁
戴震,擅长书体,行书
戴震,擅长书体,草书
戴震,擅长书体,篆书
戴震,风格特征,劲秀朗

王昶,所处时代,清
王昶,籍贯,青浦（今属上海市）
王昶,擅长书体,（无明确擅长书体）
王昶,风格特征,结构谨严

蒋士铨,所处时代,清
蒋士铨,籍贯,江西铅山
蒋士铨,师承,颜真卿

程瑶田,所处时代,清
程瑶田,籍贯,安徽歙县
程瑶田,擅长书体,隶书
程瑶田,风格特征,精妙无比

孔继涑,所处时代,清
孔继涑,籍贯,山东曲阜
孔继涑,师承,欧阳询
孔继涑,师承,虞世南
孔继涑,师承,颜真卿
孔继涑,师承,苏轼
孔继涑,师承,黄庭坚
孔继涑,师承,米芾
孔继涑,师承,张照

钱大昕,所处时代,清
钱大昕,籍贯,嘉定（今属上海市）
钱大昕,擅长书体,隶书
钱大昕,风格特征,古茂奇趣
钱大昕,受其影响,吴东发
钱大昕,受其影响,钱侗

朱筠,所处时代,清
朱筠,籍贯,顺天大兴
朱筠,擅长书体,（无明确擅长书体）
朱筠,风格特征,自然劲媚
朱筠,受其影响,洪亮吉
朱筠,受其影响,黄景仁

王文治,所处时代,清
王文治,籍贯,丹徒（今江苏镇江）
王文治,擅长书体,（无明确擅长书体）
王文治,风格特征,清妙妍美
王文治,师承,王羲之
王文治,师承,王献之
王文治,师承,李邕
王文治,师承,米芾
王文治,师承,张即之
王文治,师承,赵孟頫
王文治,师承,笪重光
王文治,师承,董其昌

毕沅,所处时代,清
毕沅,籍贯,镇洋（今江苏太仓）
毕沅,擅长书体,行楷
毕沅,风格特征,秀逸高迈

姚鼐,所处时代,清
姚鼐,籍贯,安徽桐城
姚鼐,擅长书体,行草
姚鼐,风格特征,宕逸而不空怯
姚鼐,师承,王献之
姚鼐,师承,董其昌
姚鼐,开创流派,桐城派（古文）

冯洽,所处时代,清
冯洽,籍贯,浙江桐乡
冯洽,擅长书体,（无明确擅长书体）
冯洽,风格特征,颇有古韵
冯洽,师承,王羲之
冯洽,师承,王献之
冯洽,师承,颜真卿

翁方纲,所处时代,清
翁方纲,籍贯,直隶大兴
翁方纲,擅长书体,楷书
翁方纲,擅长书体,隶书
翁方纲,风格特征,遒劲浑厚
翁方纲,师承,欧阳询
翁方纲,师承,虞世南
翁方纲,师承,颜真卿
翁方纲,师承,苏轼
翁方纲,受其影响,凌廷堪
翁方纲,受其影响,翁淑培
翁方纲,受其影响,翁树培

段玉裁,所处时代,清
段玉裁,籍贯,江苏金坛
段玉裁,擅长书体,（无明确擅长书体）
段玉裁,风格特征,（无明确风格特征）

桂馥,所处时代,清
桂馥,籍贯,山东曲阜
桂馥,擅长书体,隶书
桂馥,风格特征,醇古朴茂
桂馥,受其影响,翟云升

钱伯坰,所处时代,清
钱伯坰,籍贯,阳湖（今江苏常州）
钱伯坰,师承,李邕
钱伯坰,师承,徐浩
钱伯坰,师承,颜真卿
钱伯坰,师承,苏轼
钱伯坰,师承,董其昌

冯金伯,所处时代,清
冯金伯,籍贯,江苏南汇
冯金伯,师承,米芾

张燕昌,所处时代,清
张燕昌,籍贯,浙江海盐
张燕昌,擅长书体,篆书
张燕昌,擅长书体,隶书
张燕昌,擅长书体,行书
张燕昌,擅长书体,飞白书
张燕昌,风格特征,超俗
张燕昌,师承,丁敬
张燕昌,受其影响,张开福

钱沣,所处时代,清
钱沣,籍贯,云南昆明
钱沣,师承,颜真卿
钱沣,师承,欧阳询
钱沣,师承,褚遂良
钱沣,师承,米芾
钱沣,受其影响,翁同龢
钱沣,受其影响,谭延闿
钱沣,受其影响,谭泽闿
钱沣,受其影响,何绍基

董洵,所处时代,清
董洵,籍贯,山阴（今浙江绍兴）
董洵,擅长书体,篆书
董洵,擅长书体,隶书
董洵,风格特征,（无明确风格特征）

蒋仁,所处时代,清
蒋仁,籍贯,仁和（今浙江杭州）
蒋仁,擅长书体,（无明确擅长书体）
蒋仁,风格特征,天真野逸
蒋仁,师承,王羲之
蒋仁,师承,王献之
蒋仁,师承,孙过庭
蒋仁,师承,颜真卿
蒋仁,师承,杨凝式
蒋仁,师承,米芾

邓石如,所处时代,清
邓石如,籍贯,安徽怀宁
邓石如,擅长书体,篆书
邓石如,擅长书体,隶书
邓石如,擅长书体,楷书
邓石如,擅长书体,行书
邓石如,风格特征,遒劲茂密
邓石如,师承,李斯
邓石如,师承,李阳冰
邓石如,开创流派,邓派（皖派）（篆刻）
邓石如,受其影响,包世臣
邓石如,受其影响,邓传密
邓石如,受其影响,吴让之
邓石如,受其影响,赵之谦
邓石如,受其影响,吴昌硕
邓石如,受其影响,赵叔孺
邓石如,受其影响,程荃
邓石如,受其影响,王尔度

巴慰祖,所处时代,清
巴慰祖,籍贯,歙（今安徽歙县）
巴慰祖,擅长书体,隶书
巴慰祖,风格特征,劲险飞动
巴慰祖,受其影响,胡唐

钱坫,所处时代,清
钱坫,籍贯,嘉定（今属上海市）
钱坫,擅长书体,篆书
钱坫,风格特征,笔力苍厚
钱坫,师承,李阳冰
钱坫,受其影响,易均室

黄易,所处时代,清
黄易,籍贯,仁和（今浙江杭州）
黄易,擅长书体,分隶
黄易,风格特征,沉着质朴
黄易,师承,丁敬
黄易,师承,（无明确师承）
黄易,受其影响,（无明确受其影响）

奚冈,所处时代,清
奚冈,籍贯,钱塘（今浙江杭州）
奚冈,擅长书体,隶书
奚冈,风格特征,秀逸
奚冈,师承,欧阳询
奚冈,师承,褚遂良
奚冈,师承,赵孟頫
奚冈,受其影响,余锷

洪亮吉,所处时代,清
洪亮吉,籍贯,阳湖（今江苏常州）
洪亮吉,擅长书体,篆书
洪亮吉,擅长书体,隶书
洪亮吉,师承,李阳冰

赵魏,所处时代,清
赵魏,籍贯,仁和（今浙江杭州）
赵魏,擅长书体,篆书
赵魏,擅长书体,隶书
赵魏,擅长书体,楷书
赵魏,风格特征,老有古法

马履泰,所处时代,清
马履泰,籍贯,仁和（今浙江杭州）
马履泰,师承,李邕

赵怀玉,所处时代,清
赵怀玉,籍贯,武进（今江苏常州）
赵怀玉,师承,苏轼
赵怀玉,师承,米芾

冯敏昌,所处时代,清
冯敏昌,籍贯,广东钦州
冯敏昌,擅长书体,隶书
冯敏昌,师承,王羲之
冯敏昌,师承,王献之
冯敏昌,师承,褚遂良

吴东发,所处时代,清
吴东发,籍贯,浙江海盐
吴东发,擅长书体,篆书
吴东发,擅长书体,隶书
吴东发,风格特征,（无明确风格特征）

黄钺,所处时代,清
黄钺,籍贯,安徽当涂
黄钺,擅长书体,行草
黄钺,风格特征,端逸秀美

江德量,所处时代,清
江德量,籍贯,江苏仪征
江德量,擅长书体,隶书
江德量,风格特征,卓然成家

永瑆,所处时代,清
永瑆,籍贯,（无明确籍贯）
永瑆,擅长书体,（无明确擅长书体）
永瑆,风格特征,俊逸
永瑆,师承,欧阳询
永瑆,师承,赵孟頫
永瑆,师承,翁方纲

铁保,所处时代,清
铁保,籍贯,满洲正黄旗
铁保,擅长书体,楷书
铁保,擅长书体,草书
铁保,风格特征,雄厚浑穆
铁保,师承,王羲之
铁保,师承,怀素
铁保,师承,孙过庭
铁保,师承,颜真卿
铁保,师承,董其昌

陈鳣,所处时代,清
陈鳣,籍贯,浙江海宁
陈鳣,擅长书体,篆书
陈鳣,擅长书体,隶书
陈鳣,风格特征,（无明确风格特征）

法式善,所处时代,清
法式善,籍贯,内务府正黄旗
法式善,师承,赵孟頫

孙星衍,所处时代,清
孙星衍,籍贯,阳湖（今江苏常州）
孙星衍,擅长书体,篆书
孙星衍,擅长书体,隶书
孙星衍,风格特征,精妙圆润

伊秉绶,所处时代,清
伊秉绶,籍贯,福建宁化
伊秉绶,擅长书体,隶书
伊秉绶,擅长书体,行楷
伊秉绶,风格特征,劲秀古媚
伊秉绶,师承,颜真卿
伊秉绶,师承,李东阳
伊秉绶,师承,刘墉
伊秉绶,受其影响,伊念曾
伊秉绶,受其影响,伊立勳
伊秉绶,受其影响,黄葆戉

王芑孙,所处时代,清
王芑孙,籍贯,长洲（今江苏苏州）
王芑孙,师承,刘墉

吴鼒,所处时代,清
吴鼒,籍贯,安徽全椒
吴鼒,师承,赵孟頫

凌廷堪,所处时代,清
凌廷堪,籍贯,歙（今安徽歙县）
凌廷堪,擅长书体,隶书
凌廷堪,风格特征,（无明确风格特征）
凌廷堪,师承,翁方纲

石韫玉,所处时代,清
石韫玉,籍贯,吴县（今江苏苏州）
石韫玉,擅长书体,隶书
石韫玉,风格特征,（无明确风格特征）

郝懿行,所处时代,清
郝懿行,籍贯,山东栖霞
郝懿行,师承,欧阳询
郝懿行,师承,虞世南

胡唐,所处时代,清
胡唐,籍贯,安徽歙县
胡唐,擅长书体,篆书
胡唐,风格特征,（无明确风格特征）

钱泳,所处时代,清
钱泳,籍贯,江苏金匮
钱泳,擅长书体,隶书
钱泳,擅长书体,行楷
钱泳,风格特征,清雅流美
钱泳,师承,赵孟頫

钮树玉,所处时代,清
钮树玉,籍贯,吴县
钮树玉,擅长书体,小楷
钮树玉,风格特征,清雅绝伦

曾燠,所处时代,清
曾燠,籍贯,江西南城
曾燠,师承,赵孟頫

张惠言,所处时代,清
张惠言,籍贯,武进
张惠言,擅长书体,篆书
张惠言,师承,李阳冰

纪大复,所处时代,清
纪大复,籍贯,上海
纪大复,擅长书体,篆书
纪大复,擅长书体,隶书
纪大复,风格特征,（无明确风格特征）

严可均,所处时代,清
严可均,籍贯,浙江乌程
严可均,擅长书体,篆书
严可均,风格特征,（无明确风格特征）

陈豫钟,所处时代,清
陈豫钟,籍贯,钱塘
陈豫钟,擅长书体,篆书
陈豫钟,擅长书体,隶书
陈豫钟,擅长书体,行书
陈豫钟,擅长书体,草书
陈豫钟,风格特征,古朴有韵
陈豫钟,师承,李阳冰
陈豫钟,受其影响,赵之琛

曹贞秀,所处时代,清
曹贞秀,籍贯,安徽休宁
曹贞秀,擅长书体,小楷
曹贞秀,风格特征,媚秀在骨
曹贞秀,师承,钟繇
曹贞秀,师承,王羲之

阮元,所处时代,清
阮元,籍贯,江苏仪征
阮元,擅长书体,篆书
阮元,擅长书体,隶书
阮元,擅长书体,行楷
阮元,风格特征,醇雅清古
阮元,受其影响,阮常生

朱昂之,所处时代,清
朱昂之,籍贯,江苏武进
朱昂之,师承,董其昌

钱杜,所处时代,清
钱杜,籍贯,仁和
钱杜,擅长书体,小楷
钱杜,师承,欧阳询
钱杜,师承,虞世南

张问陶,所处时代,清
张问陶,籍贯,四川遂宁
张问陶,擅长书体,（无明确擅长书体）
张问陶,风格特征,险劲峭拔
张问陶,师承,米芾

翁树培,所处时代,清
翁树培,籍贯,顺天大兴
翁树培,擅长书体,篆书
翁树培,擅长书体,隶书
翁树培,擅长书体,楷书
翁树培,师承,欧阳询
翁树培,师承,翁方纲

陈希祖,所处时代,清
陈希祖,籍贯,江西新城
陈希祖,师承,颜真卿
陈希祖,师承,董其昌

郭麐,所处时代,清
郭麐,籍贯,江苏吴江
郭麐,师承,黄庭坚

张廷济,所处时代,清
张廷济,籍贯,浙江嘉兴
张廷济,擅长书体,行书
张廷济,擅长书体,楷书
张廷济,风格特征,（无明确风格特征）
张廷济,师承,颜真卿
张廷济,师承,米芾
张廷济,受其影响,徐同柏

陈鸿寿,所处时代,清
陈鸿寿,籍贯,钱塘
陈鸿寿,擅长书体,隶书
陈鸿寿,风格特征,简古超逸
陈鸿寿,师承,（无明确师承）
陈鸿寿,受其影响,高日濬

江沅,所处时代,清
江沅,籍贯,江苏元和
江沅,擅长书体,小篆
江沅,师承,江声

李兆洛,所处时代,清
李兆洛,籍贯,江苏阳湖
李兆洛,擅长书体,草书
李兆洛,风格特征,（无明确风格特征）

张鏐,所处时代,清
张鏐,籍贯,江苏扬州
张鏐,擅长书体,篆书
张鏐,擅长书体,隶书
张鏐,风格特征,（无明确风格特征）

高垲,所处时代,清
高垲,籍贯,钱塘
高垲,擅长书体,行书
高垲,擅长书体,草书
高垲,擅长书体,小楷
高垲,风格特征,（无明确风格特征）
高垲,师承,欧阳询
高垲,师承,褚遂良
高垲,师承,赵孟頫

瞿中溶,所处时代,清
瞿中溶,籍贯,嘉定
瞿中溶,擅长书体,篆书
瞿中溶,擅长书体,隶书
瞿中溶,擅长书体,行书
瞿中溶,擅长书体,楷书
瞿中溶,风格特征,弥得天趣

李宗瀚,所处时代,清
李宗瀚,籍贯,临川
李宗瀚,师承,王羲之
李宗瀚,师承,虞世南

朱为弼,所处时代,清
朱为弼,籍贯,浙江平湖
朱为弼,擅长书体,篆书
朱为弼,擅长书体,隶书
朱为弼,擅长书体,楷书
朱为弼,擅长书体,行书
朱为弼,风格特征,浑厚劲折
朱为弼,师承,欧阳询
朱为弼,师承,赵孟頫

吴荣光,所处时代,清
吴荣光,籍贯,广东南海
吴荣光,师承,欧阳询
吴荣光,师承,苏轼

改琦,所处时代,清
改琦,籍贯,松江
改琦,擅长书体,（无明确擅长书体）
改琦,风格特征,清隽秀逸

姚元之,所处时代,清
姚元之,籍贯,安徽桐城
姚元之,擅长书体,隶书
姚元之,风格特征,端正流丽
姚元之,师承,赵孟頫

梁章钜,所处时代,清
梁章钜,籍贯,福建长乐
梁章钜,擅长书体,行楷
梁章钜,风格特征,笔意劲秀
梁章钜,师承,欧阳询
梁章钜,师承,董其昌

徐同柏,所处时代,清
徐同柏,籍贯,浙江嘉兴
徐同柏,擅长书体,篆籀
徐同柏,风格特征,（无明确风格特征）
徐同柏,师承,张廷济

包世臣,所处时代,清
包世臣,籍贯,安徽泾县
包世臣,擅长书体,（无明确擅长书体）
包世臣,风格特征,（无明确风格特征）
包世臣,师承,王羲之
包世臣,师承,王献之
包世臣,师承,孙过庭
包世臣,师承,颜真卿
包世臣,师承,欧阳询
包世臣,师承,苏轼
包世臣,师承,董其昌
包世臣,师承,邓石如
包世臣,受其影响,吴让之
包世臣,受其影响,沈曾植
包世臣,受其影响,梅植之

翟云升,所处时代,清
翟云升,籍贯,山东东莱
翟云升,擅长书体,隶书
翟云升,风格特征,（无明确风格特征）
翟云升,师承,桂馥

孙均,所处时代,清
孙均,籍贯,仁和
孙均,擅长书体,篆书
孙均,擅长书体,隶书
孙均,风格特征,端庄古雅

钱侗,所处时代,清
钱侗,籍贯,嘉定
钱侗,擅长书体,篆书
钱侗,擅长书体,隶书
钱侗,风格特征,（无明确风格特征）

汤贻汾,所处时代,清
汤贻汾,籍贯,武进
汤贻汾,师承,董其昌

陈均,所处时代,清
陈均,籍贯,浙江海宁
陈均,擅长书体,篆书
陈均,擅长书体,隶书
陈均,擅长书体,行书
陈均,风格特征,清劲潇洒

屠倬,所处时代,清
屠倬,籍贯,钱塘
屠倬,擅长书体,篆书
屠倬,擅长书体,隶书
屠倬,擅长书体,行书
屠倬,擅长书体,楷书
屠倬,风格特征,妙绝

赵之琛,所处时代,清
赵之琛,籍贯,钱塘
赵之琛,擅长书体,隶书
赵之琛,擅长书体,行楷
赵之琛,风格特征,（无明确风格特征）
赵之琛,师承,陈豫钟

杨澥,所处时代,清
杨澥,籍贯,江苏吴江
杨澥,擅长书体,篆书
杨澥,擅长书体,隶书
杨澥,擅长书体,行书
杨澥,擅长书体,楷书
杨澥,风格特征,古拙有金石气

冯登府,所处时代,清
冯登府,籍贯,浙江嘉兴
冯登府,擅长书体,篆书
冯登府,擅长书体,隶书
冯登府,风格特征,清秀古雅

林则徐,所处时代,清
林则徐,籍贯,福建侯官
林则徐,擅长书体,行书
林则徐,擅长书体,楷书
林则徐,擅长书体,小楷
林则徐,风格特征,清劲刚健
林则徐,师承,欧阳询

郭尚先,所处时代,清
郭尚先,籍贯,福建莆田
郭尚先,擅长书体,小楷
郭尚先,风格特征,以骨力胜
郭尚先,师承,欧阳询
郭尚先,师承,颜真卿

冯承辉,所处时代,清
冯承辉,籍贯,江苏娄县
冯承辉,擅长书体,篆书
冯承辉,擅长书体,隶书
冯承辉,风格特征,（无明确风格特征）

伊念曾,所处时代,清
伊念曾,籍贯,福建宁化
伊念曾,擅长书体,篆书
伊念曾,擅长书体,隶书
伊念曾,师承,伊秉绶

翁心存,所处时代,清
翁心存,籍贯,江苏常熟
翁心存,擅长书体,（无明确擅长书体）
翁心存,风格特征,（无明确风格特征）
翁心存,受其影响,翁同龢

达受,所处时代,清
达受,籍贯,浙江海宁
达受,擅长书体,篆书
达受,擅长书体,隶书
达受,擅长书体,飞白书
达受,师承,马傅岩

梅植之,所处时代,清
梅植之,籍贯,江都
梅植之,擅长书体,行书
梅植之,擅长书体,草书
梅植之,擅长书体,篆书
梅植之,擅长书体,隶书
梅植之,风格特征,跌宕遒丽
梅植之,师承,包世臣

邓传密,所处时代,清
邓传密,籍贯,安徽怀宁
邓传密,擅长书体,篆书
邓传密,擅长书体,隶书
邓传密,师承,邓石如

何绍基,所处时代,清
何绍基,籍贯,湖南道州
何绍基,擅长书体,隶书
何绍基,擅长书体,草书
何绍基,风格特征,古拙沉雄
何绍基,师承,李邕
何绍基,师承,颜真卿
何绍基,师承,欧阳询
何绍基,师承,欧阳通
何绍基,师承,钱沣
何绍基,受其影响,杨翰
何绍基,受其影响,翁同龢
何绍基,受其影响,谭延闿
何绍基,受其影响,谭泽闿
何绍基,受其影响,赵石
何绍基,受其影响,张謇
何绍基,受其影响,胡小石

叶志诜,所处时代,清
叶志诜,籍贯,湖北汉阳
叶志诜,擅长书体,篆书
叶志诜,擅长书体,隶书
叶志诜,风格特征,工整而有法度

吴熙载,所处时代,清
吴熙载,籍贯,江苏仪征
吴熙载,擅长书体,篆书
吴熙载,擅长书体,隶书
吴熙载,风格特征,温婉圆健
吴熙载,师承,邓石如
吴熙载,师承,包世臣
吴熙载,受其影响,吴昌硕
吴熙载,受其影响,赵叔孺
吴熙载,受其影响,邓尔雅

叶天赐,所处时代,清
叶天赐,籍贯,歙县
叶天赐,师承,颜真卿
叶天赐,师承,米芾

邵暽,所处时代,清
邵暽,籍贯,昭文
邵暽,师承,王羲之
邵暽,师承,王献之
邵暽,师承,孙过庭
邵暽,师承,何焯

赵秉冲,所处时代,清
赵秉冲,籍贯,上海
赵秉冲,擅长书体,篆书
赵秉冲,擅长书体,隶书
赵秉冲,擅长书体,行书
赵秉冲,风格特征,清雅秀劲

梁巘,所处时代,清
梁巘,籍贯,安徽亳州
梁巘,师承,李邕
梁巘,师承,张照

沙神芝,所处时代,清
沙神芝,籍贯,浙江嘉兴
沙神芝,擅长书体,篆书
沙神芝,擅长书体,隶书
沙神芝,擅长书体,草书
沙神芝,风格特征,笔力雄健
沙神芝,师承,怀素

陆绍曾,所处时代,清
陆绍曾,籍贯,吴县
陆绍曾,擅长书体,八分
陆绍曾,擅长书体,楷书
陆绍曾,擅长书体,飞白书
陆绍曾,风格特征,（无明确风格特征）

高日濬,所处时代,清
高日濬,籍贯,钱塘
高日濬,擅长书体,行书
高日濬,擅长书体,隶书
高日濬,擅长书体,篆书
高日濬,风格特征,潇洒自然
高日濬,师承,颜真卿
高日濬,师承,陈鸿寿

吴育,所处时代,清
吴育,籍贯,江苏吴江
吴育,擅长书体,篆书
吴育,擅长书体,隶书
吴育,风格特征,朴逸

戴熙,所处时代,清
戴熙,籍贯,钱塘
戴熙,擅长书体,（无明确擅长书体）
戴熙,风格特征,（无明确风格特征）

张熊,所处时代,清
张熊,籍贯,秀水
张熊,擅长书体,八分
张熊,风格特征,（无明确风格特征）

钱松,所处时代,清
钱松,籍贯,钱塘
钱松,擅长书体,篆书
钱松,擅长书体,隶书
钱松,风格特征,秀逸
钱松,受其影响,胡震

冯桂芬,所处时代,清
冯桂芬,籍贯,吴县
冯桂芬,擅长书体,行草
冯桂芬,风格特征,疏秀简逸
冯桂芬,师承,欧阳询
冯桂芬,师承,虞世南

陈澧,所处时代,清
陈澧,籍贯,番禺
陈澧,擅长书体,篆书
陈澧,擅长书体,隶书
陈澧,擅长书体,行书
陈澧,风格特征,浑朴古厚
陈澧,师承,欧阳询
陈澧,师承,苏轼
陈澧,师承,米芾

吴云,所处时代,清
吴云,籍贯,安徽歙县
吴云,擅长书体,（无明确擅长书体）
吴云,风格特征,古雅渊穆
吴云,师承,颜真卿

莫友芝,所处时代,清
莫友芝,籍贯,贵州独山
莫友芝,擅长书体,篆书
莫友芝,擅长书体,隶书
莫友芝,擅长书体,行书
莫友芝,风格特征,古拙有金石气
莫友芝,师承,（无明确师承）
莫友芝,受其影响,（无明确受其影响）

曾国藩,所处时代,清
曾国藩,籍贯,湖南湘乡
曾国藩,擅长书体,行楷
曾国藩,风格特征,瘦劲挺拔
曾国藩,师承,欧阳询
曾国藩,师承,柳公权
曾国藩,师承,李邕
曾国藩,师承,黄庭坚
曾国藩,师承,赵孟頫
曾国藩,受其影响,曾纪泽
曾国藩,受其影响,吴大澂

左宗棠,所处时代,清
左宗棠,籍贯,湘南湘阴
左宗棠,擅长书体,小篆
左宗棠,擅长书体,行草
左宗棠,风格特征,肃然森立
左宗棠,师承,欧阳询
左宗棠,师承,颜真卿
左宗棠,师承,柳公权

杨翰,所处时代,清
杨翰,籍贯,直隶新城
杨翰,擅长书体,篆书
杨翰,擅长书体,隶书
杨翰,擅长书体,行书
杨翰,风格特征,（无明确风格特征）
杨翰,师承,何绍基

杨沂孙,所处时代,清
杨沂孙,籍贯,江苏常熟
杨沂孙,擅长书体,小篆
杨沂孙,风格特征,丰神过之
杨沂孙,师承,颜真卿
杨沂孙,师承,邓石如
杨沂孙,受其影响,吴昌硕
杨沂孙,受其影响,黄牧甫

陈介祺,所处时代,清
陈介祺,籍贯,山东潍县
陈介祺,擅长书体,篆书
陈介祺,擅长书体,隶书
陈介祺,风格特征,古雅朴拙

吴咨,所处时代,清
吴咨,籍贯,武进
吴咨,擅长书体,篆书
吴咨,擅长书体,隶书
吴咨,风格特征,（无明确风格特征）
吴咨,师承,邓石如

胡震,所处时代,清
胡震,籍贯,浙江富阳
胡震,擅长书体,隶书
胡震,擅长书体,行书
胡震,风格特征,意趣高古
胡震,师承,（无明确师承）
胡震,受其影响,（无明确受其影响）

杨岘,所处时代,清
杨岘,籍贯,归安
杨岘,擅长书体,隶书
杨岘,擅长书体,行书
杨岘,风格特征,瘦劲矫健
杨岘,受其影响,吴昌硕

周闲,所处时代,清
周闲,籍贯,秀水
周闲,师承,颜真卿

俞樾,所处时代,清
俞樾,籍贯,浙江德清
俞樾,擅长书体,篆书
俞樾,擅长书体,隶书
俞樾,擅长书体,楷书
俞樾,风格特征,朴茂静穆
俞樾,师承,江声
俞樾,受其影响,章炳麟

李鸿章,所处时代,清
李鸿章,籍贯,安徽合肥
李鸿章,擅长书体,行楷
李鸿章,风格特征,端庄稳健
李鸿章,师承,王羲之
李鸿章,师承,欧阳询
李鸿章,师承,颜真卿

张裕钊,所处时代,清
张裕钊,籍贯,湖北武昌
张裕钊,擅长书体,（无明确擅长书体）
张裕钊,风格特征,劲洁清拔
张裕钊,受其影响,张謇
张裕钊,受其影响,官岛咏士
张裕钊,受其影响,柳诒徵

胡澍,所处时代,清
胡澍,籍贯,安徽绩溪
胡澍,擅长书体,篆书
胡澍,风格特征,峭拔遒美
胡澍,师承,邓石如

徐三庚,所处时代,清
徐三庚,籍贯,浙江上虞
徐三庚,擅长书体,篆书
徐三庚,擅长书体,隶书
徐三庚,风格特征,飘逸多姿
徐三庚,受其影响,赵之谦

赵之谦,所处时代,清
赵之谦,籍贯,会稽
赵之谦,擅长书体,楷书
赵之谦,擅长书体,行书
赵之谦,擅长书体,篆书
赵之谦,擅长书体,隶书
赵之谦,风格特征,奇崛雄强
赵之谦,师承,颜真卿
赵之谦,师承,邓石如
赵之谦,受其影响,何澂
赵之谦,受其影响,赵叔孺
赵之谦,受其影响,易孺
赵之谦,受其影响,齐白石

翁同龢,所处时代,清
翁同龢,籍贯,江苏常熟
翁同龢,擅长书体,行书
翁同龢,风格特征,淳厚宽博
翁同龢,师承,颜真卿
翁同龢,师承,米芾
翁同龢,师承,董其昌
翁同龢,师承,钱沣
翁同龢,师承,何绍基
翁同龢,师承,刘墉
翁同龢,受其影响,赵石
翁同龢,受其影响,颜楷
翁同龢,受其影响,成多禄
翁同龢,受其影响,谭延闿
翁同龢,受其影响,谭泽闿
翁同龢,受其影响,张謇

胡义赞,所处时代,清
胡义赞,籍贯,光山
胡义赞,擅长书体,篆书
胡义赞,擅长书体,行书
胡义赞,风格特征,清润淹雅
胡义赞,师承,董其昌

董念棻,所处时代,清
董念棻,籍贯,秀水
董念棻,擅长书体,行书
董念棻,擅长书体,草书
董念棻,风格特征,圆润流畅
董念棻,师承,董其昌
董念棻,师承,恽寿平

沈树镛,所处时代,清
沈树镛,籍贯,南汇
沈树镛,师承,欧阳询

王闿运,所处时代,清
王闿运,籍贯,湖南湘潭
王闿运,擅长书体,（无明确擅长书体）
王闿运,风格特征,朴茂多姿
王闿运,师承,欧阳通
王闿运,受其影响,杨度

李文田,所处时代,清
李文田,籍贯,广东顺德
李文田,擅长书体,行楷
李文田,风格特征,意态雍容厚重
李文田,师承,欧阳询

吴大澂,所处时代,清
吴大澂,籍贯,江苏苏州
吴大澂,擅长书体,篆籀
吴大澂,擅长书体,行楷
吴大澂,风格特征,工稳严谨
吴大澂,师承,陈奂
吴大澂,师承,曾国藩
吴大澂,受其影响,吴湖帆

杨守敬,所处时代,清
杨守敬,籍贯,湖北宜都
杨守敬,擅长书体,行书
杨守敬,擅长书体,篆书
杨守敬,擅长书体,隶书
杨守敬,风格特征,苍润相生
杨守敬,师承,欧阳询
杨守敬,师承,颜真卿
杨守敬,师承,苏轼
杨守敬,受其影响,日下部鸣鹤
杨守敬,受其影响,比田井天来

梅调鼎,所处时代,清
梅调鼎,籍贯,浙江慈溪
梅调鼎,擅长书体,小行书
梅调鼎,风格特征,秀逸清雅
梅调鼎,师承,王羲之
梅调鼎,师承,王献之
梅调鼎,师承,董其昌
梅调鼎,受其影响,钱罕
梅调鼎,受其影响,沙孟海

任颐,所处时代,清
任颐,籍贯,山阴
任颐,擅长书体,（无明确擅长书体）
任颐,风格特征,奇警不凡
任颐,受其影响,任霞

金尔珍,所处时代,清
金尔珍,籍贯,秀水
金尔珍,师承,钟繇
金尔珍,师承,王羲之
金尔珍,师承,苏轼

胡镢,所处时代,清
胡镢,籍贯,浙江石门
胡镢,擅长书体,（无明确擅长书体）
胡镢,风格特征,古拙疏宕

吴昌硕,所处时代,清
吴昌硕,籍贯,浙江安吉
吴昌硕,擅长书体,篆书
吴昌硕,擅长书体,隶书
吴昌硕,擅长书体,行草
吴昌硕,风格特征,凝练遒劲
吴昌硕,师承,钟繇
吴昌硕,师承,王羲之
吴昌硕,师承,颜真卿
吴昌硕,师承,黄庭坚
吴昌硕,师承,米芾
吴昌硕,师承,王铎
吴昌硕,师承,邓石如
吴昌硕,师承,吴让之
吴昌硕,师承,杨沂孙
吴昌硕,师承,杨岘
吴昌硕,开创流派,（西泠印社首任社长）
吴昌硕,受其影响,陈师曾
吴昌硕,受其影响,王震
吴昌硕,受其影响,朱复戡
吴昌硕,受其影响,沙孟海
吴昌硕,受其影响,王个簃
吴昌硕,受其影响,诸乐三
吴昌硕,受其影响,陶博吾
吴昌硕,受其影响,赵云壑
吴昌硕,受其影响,陈半丁
吴昌硕,受其影响,潘天寿
吴昌硕,受其影响,赵古泥
吴昌硕,受其影响,谭建丞
吴昌硕,受其影响,钱瘦铁

王懿荣,所处时代,清
王懿荣,籍贯,山东福山
王懿荣,擅长书体,行楷
王懿荣,擅长书体,篆书
王懿荣,擅长书体,隶书
王懿荣,风格特征,（无明确风格特征）
王懿荣,师承,张之洞
王懿荣,开创流派,发现收藏殷墟甲骨第一人

黄士陵,所处时代,清
黄士陵,籍贯,安徽黟县
黄士陵,擅长书体,篆书
黄士陵,擅长书体,行书
黄士陵,风格特征,刚健硬朗
黄士陵,师承,杨沂孙
黄士陵,受其影响,易孺
黄士陵,受其影响,邓尔雅

沈曾植,所处时代,清
沈曾植,籍贯,浙江嘉兴
沈曾植,擅长书体,章草
沈曾植,风格特征,劲峭凝重
沈曾植,师承,张芝
沈曾植,师承,索靖
沈曾植,师承,黄庭坚
沈曾植,师承,倪元璐
沈曾植,师承,黄道周
沈曾植,师承,何绍基
沈曾植,师承,包世臣
沈曾植,受其影响,王蘧常
沈曾植,受其影响,马一浮
沈曾植,受其影响,弘一
沈曾植,受其影响,沙孟海
沈曾植,受其影响,胡小石
沈曾植,受其影响,罗惇㬊

高邕,所处时代,清
高邕,籍贯,浙江仁和
高邕,师承,李邕
高邕,师承,苏轼
高邕,师承,黄庭坚

张謇,所处时代,清
张謇,籍贯,江苏南通
张謇,擅长书体,行楷
张謇,风格特征,淳厚
张謇,师承,欧阳询
张謇,师承,颜真卿
张謇,师承,褚遂良
张謇,师承,黄庭坚
张謇,师承,何绍基
张謇,师承,刘墉

郑文焯,所处时代,清
郑文焯,籍贯,奉天铁岭
郑文焯,擅长书体,行书
郑文焯,风格特征,遒劲深古
郑文焯,师承,王羲之
郑文焯,师承,苏轼
郑文焯,受其影响,钱厓

朱孝臧,所处时代,清
朱孝臧,籍贯,吴兴
朱孝臧,擅长书体,行楷
朱孝臧,风格特征,苍劲
朱孝臧,师承,褚遂良
朱孝臧,师承,颜真卿

康有为,所处时代,清
康有为,籍贯,广东南海
康有为,擅长书体,楷书
康有为,擅长书体,行书
康有为,风格特征,朴拙
康有为,师承,欧阳询
康有为,师承,苏轼
康有为,师承,黄庭坚
康有为,师承,朱次琦
康有为,师承,包世臣
康有为,师承,张裕钊
康有为,受其影响,徐悲鸿
康有为,受其影响,刘海粟
康有为,受其影响,萧娴
康有为,受其影响,康同璧

曾熙,所处时代,清
曾熙,籍贯,湖南衡阳
曾熙,擅长书体,章草
曾熙,风格特征,含蓄凝重
曾熙,师承,钟繇
曾熙,师承,王羲之
曾熙,师承,王献之
曾熙,受其影响,张大千
曾熙,受其影响,马宗霍

李瑞清,所处时代,清
李瑞清,籍贯,江西临川
李瑞清,擅长书体,大篆
李瑞清,擅长书体,行书
李瑞清,风格特征,潇洒俊逸
李瑞清,师承,黄庭坚
李瑞清,受其影响,张大千
李瑞清,受其影响,胡小石
李瑞清,受其影响,吕凤子
李瑞清,受其影响,李健
李瑞清,受其影响,柳诒徵

程荃,所处时代,清
程荃,籍贯,安徽怀宁
程荃,擅长书体,篆书
程荃,风格特征,工整有法度
程荃,师承,邓石如

王尔度,所处时代,清
王尔度,籍贯,江苏江阴
王尔度,擅长书体,篆书
王尔度,师承,邓石如

方朔,所处时代,清
方朔,籍贯,安徽怀宁
方朔,擅长书体,篆书
方朔,擅长书体,隶书
方朔,风格特征,（无明确风格特征）

刘喜海,所处时代,清
刘喜海,籍贯,山东诸城
刘喜海,师承,颜真卿
刘喜海,师承,苏轼

阮常生,所处时代,清
阮常生,籍贯,江苏仪征 阮元长子
阮常生,擅长书体,篆书
阮常生,擅长书体,隶书
阮常生,风格特征,浑厚古朴
阮常生,师承,阮元

杨能格,所处时代,清
杨能格,籍贯,汉军正红旗
杨能格,师承,王羲之
杨能格,师承,颜真卿

何澂,所处时代,清
何澂,籍贯,山阴
何澂,擅长书体,篆书
何澂,师承,赵之谦

余锷,所处时代,清
余锷,籍贯,仁和
余锷,擅长书体,隶书
余锷,擅长书体,楷书
余锷,师承,奚冈
余锷,师承,赵孟頫

张开福,所处时代,清
张开福,籍贯,浙江海盐 张燕昌子
张开福,擅长书体,篆书
张开福,擅长书体,隶书
张开福,擅长书体,飞白书
张开福,师承,张燕昌

陈春熙,所处时代,清
陈春熙,籍贯,秀水
陈春熙,擅长书体,八分
陈春熙,擅长书体,飞白书
陈春熙,风格特征,（无明确风格特征）

赵懿,所处时代,清
赵懿,籍贯,钱塘
赵懿,擅长书体,篆书
赵懿,擅长书体,隶书
赵懿,师承,陈豫钟

崇恩,所处时代,清
崇恩,籍贯,满洲正蓝旗
崇恩,师承,苏轼

程恭寿,所处时代,清
程恭寿,籍贯,钱塘
程恭寿,师承,李邕
程恭寿,师承,米芾

郑孝胥,所处时代,清
郑孝胥,籍贯,闽县
郑孝胥,擅长书体,楷书
郑孝胥,风格特征,苍劲朴茂
郑孝胥,师承,欧阳询
郑孝胥,师承,颜真卿
郑孝胥,师承,苏轼
郑孝胥,师承,钱沣
郑孝胥,师承,何绍基
郑孝胥,师承,张裕钊
郑孝胥,受其影响,卓定谋
郑孝胥,受其影响,曹聚仁

齐白石,所处时代,现代
齐白石,籍贯,湖南湘潭
齐白石,擅长书体,篆书
齐白石,擅长书体,行草
齐白石,风格特征,苍劲豪迈
齐白石,师承,李邕
齐白石,师承,米芾
齐白石,师承,何绍基
齐白石,师承,金农
齐白石,师承,郑板桥
齐白石,师承,徐渭
齐白石,师承,赵之谦
齐白石,受其影响,李苦禅
齐白石,受其影响,李可染

黄宾虹,所处时代,现代
黄宾虹,籍贯,安徽歙县 生于浙江金华
黄宾虹,擅长书体,篆书
黄宾虹,擅长书体,行书
黄宾虹,风格特征,苍古秀润
黄宾虹,师承,颜真卿
黄宾虹,师承,裴煜
黄宾虹,师承,文彦博
黄宾虹,师承,赵孟頫
黄宾虹,师承,倪瓒
黄宾虹,受其影响,林散之

罗振玉,所处时代,现代
罗振玉,籍贯,浙江上虞
罗振玉,擅长书体,篆书
罗振玉,擅长书体,隶书
罗振玉,擅长书体,行楷
罗振玉,风格特征,典雅有致
罗振玉,师承,颜真卿
罗振玉,受其影响,商承祚

赵熙,所处时代,现代
赵熙,籍贯,四川荣县
赵熙,擅长书体,（无明确擅长书体）
赵熙,风格特征,潇洒绝尘
赵熙,师承,颜真卿
赵熙,师承,欧阳通
赵熙,师承,赵孟頫
赵熙,受其影响,梁启超
赵熙,受其影响,林思进

丁佛言,所处时代,现代
丁佛言,籍贯,山东黄县
丁佛言,擅长书体,篆书
丁佛言,风格特征,敦厚凝重

张伯英,所处时代,现代
张伯英,籍贯,江苏铜山
张伯英,擅长书体,北魏书体
张伯英,风格特征,遒健俊逸

章炳麟,所处时代,现代
章炳麟,籍贯,浙江余姚
章炳麟,擅长书体,篆书
章炳麟,擅长书体,行草
章炳麟,风格特征,古朴浑厚
章炳麟,师承,俞樾
章炳麟,受其影响,鲁迅
章炳麟,受其影响,黄侃

褚德彝,所处时代,现代
褚德彝,籍贯,浙江余杭
褚德彝,擅长书体,隶书
褚德彝,擅长书体,篆书
褚德彝,擅长书体,行楷
褚德彝,风格特征,整饬森严
褚德彝,师承,褚遂良

刘春霖,所处时代,现代
刘春霖,籍贯,河北肃宁
刘春霖,擅长书体,小楷
刘春霖,风格特征,清秀刚劲
刘春霖,师承,赵孟頫
刘春霖,师承,董其昌

罗惇曧,所处时代,现代
罗惇曧,籍贯,广东顺德
罗惇曧,擅长书体,行草
罗惇曧,擅长书体,楷书
罗惇曧,风格特征,古朴厚重
罗惇曧,师承,颜真卿
罗惇曧,师承,康有为
罗惇曧,师承,沈曾植

罗惇㬊,所处时代,现代
罗惇㬊,籍贯,广东顺德
罗惇㬊,擅长书体,章草
罗惇㬊,擅长书体,行书
罗惇㬊,风格特征,峭拔劲健
罗惇㬊,师承,张芝
罗惇㬊,师承,索靖
罗惇㬊,师承,欧阳询
罗惇㬊,师承,沈曾植
罗惇㬊,师承,康有为

冯开,所处时代,现代
冯开,籍贯,浙江慈溪
冯开,擅长书体,行书
冯开,擅长书体,草书
冯开,擅长书体,楷书
冯开,风格特征,丰瞻妍美
冯开,师承,王羲之
冯开,师承,颜真卿
冯开,师承,赵孟頫
冯开,师承,董其昌
冯开,受其影响,沙孟海
冯开,受其影响,王个簃

黄节,所处时代,现代
黄节,籍贯,广东顺德
黄节,师承,米芾

易孺,所处时代,现代
易孺,籍贯,广东鹤山
易孺,擅长书体,篆书
易孺,风格特征,（无明确风格特征）
易孺,师承,赵之谦

梁启超,所处时代,现代
梁启超,籍贯,广东新会
梁启超,擅长书体,行书
梁启超,擅长书体,楷书
梁启超,擅长书体,隶书
梁启超,风格特征,清劲谨严
梁启超,师承,颜真卿
梁启超,师承,赵熙

赵叔孺,所处时代,现代
赵叔孺,籍贯,浙江鄞县
赵叔孺,擅长书体,行楷
赵叔孺,擅长书体,篆书
赵叔孺,擅长书体,隶书
赵叔孺,风格特征,秀逸
赵叔孺,师承,赵孟頫
赵叔孺,师承,邓石如
赵叔孺,师承,赵之谦
赵叔孺,受其影响,陈巨来
赵叔孺,受其影响,方介堪
赵叔孺,受其影响,沙孟海
赵叔孺,受其影响,徐邦达
赵叔孺,受其影响,张鲁庵

商衍鎏,所处时代,现代
商衍鎏,籍贯,广东番禹
商衍鎏,擅长书体,楷书
商衍鎏,擅长书体,草书
商衍鎏,风格特征,飞逸多姿
商衍鎏,师承,王羲之
商衍鎏,师承,颜真卿
商衍鎏,师承,褚遂良
商衍鎏,受其影响,商承祚

赵石,所处时代,现代
赵石,籍贯,江苏虞山
赵石,擅长书体,（无明确擅长书体）
赵石,风格特征,骨力润达
赵石,师承,颜真卿
赵石,师承,苏轼
赵石,师承,何绍基
赵石,师承,刘墉
赵石,师承,翁同龢
赵石,师承,吴昌硕
赵石,受其影响,邓散木
赵石,受其影响,赵林

杨度,所处时代,现代
杨度,籍贯,湖南湘潭
杨度,擅长书体,隶书
杨度,风格特征,遒健茂密
杨度,师承,颜真卿
杨度,师承,王闿运

钱振锽,所处时代,现代
钱振锽,籍贯,江苏常州
钱振锽,擅长书体,行楷
钱振锽,风格特征,挺拔劲健
钱振锽,受其影响,谢觐虞
钱振锽,受其影响,谢稚柳

溥侗,所处时代,现代
溥侗,籍贯,河北宛平
溥侗,擅长书体,行楷
溥侗,擅长书体,章草
溥侗,师承,褚遂良
溥侗,师承,赵孟頫

徐生翁,所处时代,现代
徐生翁,籍贯,浙江绍兴
徐生翁,擅长书体,行书
徐生翁,擅长书体,楷书
徐生翁,擅长书体,隶书
徐生翁,风格特征,生拙老辣
徐生翁,师承,颜真卿
徐生翁,开创流派,孩儿体

陈半丁,所处时代,现代
陈半丁,籍贯,浙江山阴
陈半丁,擅长书体,行书
陈半丁,风格特征,（无明确风格特征）
陈半丁,师承,吴昌硕

姚华,所处时代,现代
姚华,籍贯,贵州贵筑
姚华,擅长书体,楷书
姚华,擅长书体,行书
姚华,风格特征,俊逸古茂
姚华,师承,欧阳询
姚华,师承,颜真卿
姚华,师承,黄庭坚
姚华,师承,米芾

陈衡恪,所处时代,现代
陈衡恪,籍贯,江西义宁
陈衡恪,擅长书体,魏碑
陈衡恪,擅长书体,行书
陈衡恪,风格特征,苍劲
陈衡恪,师承,吴昌硕

谭延闿,所处时代,现代
谭延闿,籍贯,湖南茶陵
谭延闿,擅长书体,楷书
谭延闿,风格特征,骨力雄强
谭延闿,师承,颜真卿
谭延闿,师承,钱沣
谭延闿,师承,何绍基
谭延闿,师承,刘墉
谭延闿,师承,翁同龢

于右任,所处时代,现代
于右任,籍贯,陕西三原
于右任,擅长书体,草书
于右任,风格特征,潇洒脱俗
于右任,师承,怀素
于右任,开创流派,标准草书
于右任,受其影响,刘延涛
于右任,受其影响,胡公石

金城,所处时代,现代
金城,籍贯,浙江吴兴
金城,擅长书体,（无明确擅长书体）
金城,风格特征,端庄稳健

高时显,所处时代,现代
高时显,籍贯,浙江杭州
高时显,擅长书体,八分
高时显,风格特征,（无明确风格特征）

金梁,所处时代,现代
金梁,籍贯,满洲正白旗
金梁,擅长书体,大篆
金梁,擅长书体,行书
金梁,风格特征,纯任自然

丁仁,所处时代,现代
丁仁,籍贯,浙江杭州
丁仁,擅长书体,甲骨文书法
丁仁,风格特征,淡雅隽秀

高剑父,所处时代,现代
高剑父,籍贯,广东番禺
高剑父,擅长书体,草书
高剑父,风格特征,雄奇奔放
高剑父,师承,张旭
高剑父,师承,怀素
高剑父,开创流派,岭南画派
高剑父,受其影响,高奇峰

王福庵,所处时代,现代
王福庵,籍贯,浙江杭州
王福庵,擅长书体,篆书
王福庵,擅长书体,隶书
王福庵,风格特征,朴厚古拙
王福庵,师承,王同
王福庵,受其影响,顿群
王福庵,受其影响,韩登安
王福庵,受其影响,唐源邺

柳诒徵,所处时代,现代
柳诒徵,籍贯,江苏镇江
柳诒徵,擅长书体,魏碑
柳诒徵,风格特征,开张雄强
柳诒徵,师承,王羲之
柳诒徵,师承,颜真卿
柳诒徵,师承,李邕
柳诒徵,师承,李瑞清
柳诒徵,师承,张裕钊

叶玉森,所处时代,现代
叶玉森,籍贯,江苏镇江
叶玉森,擅长书体,甲骨文书法
叶玉森,风格特征,挺拔明快

弘一,所处时代,现代
弘一,籍贯,浙江平湖
弘一,擅长书体,（无明确擅长书体）
弘一,风格特征,冲淡朴野
弘一,受其影响,丰子恺

黄葆戉,所处时代,现代
黄葆戉,籍贯,福建长乐
黄葆戉,擅长书体,隶书
黄葆戉,风格特征,苍劲古茂
黄葆戉,师承,伊秉绶

章士钊,所处时代,现代
章士钊,籍贯,湖南长沙
章士钊,擅长书体,隶书
章士钊,擅长书体,楷书
章士钊,擅长书体,行书
章士钊,风格特征,秀逸清丽
章士钊,师承,王羲之
章士钊,师承,王献之
章士钊,师承,褚遂良
章士钊,师承,杨凝式
章士钊,师承,米芾

张宗祥,所处时代,现代
张宗祥,籍贯,浙江海宁
张宗祥,擅长书体,行书
张宗祥,擅长书体,草书
张宗祥,风格特征,飘逸
张宗祥,师承,李邕
张宗祥,师承,董其昌

马一浮,所处时代,现代
马一浮,籍贯,浙江绍兴
马一浮,擅长书体,行草
马一浮,风格特征,典雅静穆
马一浮,师承,褚遂良
马一浮,师承,欧阳通
马一浮,师承,沈曾植
马一浮,受其影响,丰子恺

余绍宋,所处时代,现代
余绍宋,籍贯,浙江龙游
余绍宋,擅长书体,行书
余绍宋,擅长书体,章草
余绍宋,风格特征,苍劲妍润
余绍宋,师承,索靖
余绍宋,师承,王羲之
余绍宋,师承,王献之
余绍宋,师承,孙过庭

沈尹默,所处时代,现代
沈尹默,籍贯,浙江吴兴
沈尹默,擅长书体,行书
沈尹默,风格特征,清圆秀润
沈尹默,师承,王羲之
沈尹默,师承,王献之
沈尹默,师承,智永
沈尹默,师承,虞世南
沈尹默,师承,欧阳询
沈尹默,师承,怀素
沈尹默,师承,褚遂良
沈尹默,师承,苏轼
沈尹默,师承,米芾
沈尹默,师承,文徵明

谢无量,所处时代,现代
谢无量,籍贯,四川乐至
谢无量,擅长书体,（无明确擅长书体）
谢无量,风格特征,沉雄俊逸
谢无量,师承,王羲之
谢无量,师承,王献之

邓尔雅,所处时代,现代
邓尔雅,籍贯,广东东莞
邓尔雅,擅长书体,楷书
邓尔雅,擅长书体,篆书
邓尔雅,风格特征,古穆雅致
邓尔雅,师承,黄道周
邓尔雅,师承,倪元璐
邓尔雅,师承,邓石如
邓尔雅,师承,吴让之
邓尔雅,师承,黄牧甫
邓尔雅,师承,邓承修
邓尔雅,受其影响,容庚
邓尔雅,受其影响,黄般若

王师子,所处时代,现代
王师子,籍贯,江苏句容
王师子,擅长书体,秦权诏版
王师子,风格特征,参差错落

吴东迈,所处时代,现代
吴东迈,籍贯,浙江安吉
吴东迈,擅长书体,（无明确擅长书体）
吴东迈,风格特征,厚重沉着
吴东迈,师承,吴昌硕

马叙伦,所处时代,现代
马叙伦,籍贯,浙江杭县
马叙伦,擅长书体,行楷
马叙伦,风格特征,悠雅典丽
马叙伦,师承,王羲之
马叙伦,师承,褚遂良
马叙伦,师承,赵孟頫

符铸,所处时代,现代
符铸,籍贯,湖南衡阳
符铸,擅长书体,（无明确擅长书体）
符铸,风格特征,硬朗峭拔
符铸,师承,褚遂良
符铸,师承,黄庭坚
符铸,师承,米芾

吕凤子,所处时代,现代
吕凤子,籍贯,江苏丹阳
吕凤子,擅长书体,隶书
吕凤子,擅长书体,行草
吕凤子,风格特征,生辣凝练
吕凤子,师承,黄庭坚
吕凤子,师承,赵孟頫
吕凤子,师承,李瑞清

易均室,所处时代,现代
易均室,籍贯,湖北潜江
易均室,擅长书体,篆书
易均室,擅长书体,楷书
易均室,风格特征,瘦硬挺拔
易均室,师承,薛曜
易均室,师承,李邕
易均室,师承,李阳冰
易均室,师承,钱坫
易均室,受其影响,徐无闻
易均室,受其影响,曹立庵
易均室,受其影响,程白舟

唐醉石,所处时代,现代
唐醉石,籍贯,湖南长沙
唐醉石,擅长书体,篆书
唐醉石,擅长书体,隶书
唐醉石,风格特征,静穆古雅

柳亚子,所处时代,现代
柳亚子,籍贯,江苏吴江
柳亚子,擅长书体,（无明确擅长书体）
柳亚子,风格特征,疏落娴雅
柳亚子,开创流派,南社

简经纶,所处时代,现代
简经纶,籍贯,广东番禺
简经纶,擅长书体,篆书
简经纶,擅长书体,隶书
简经纶,擅长书体,楷书
简经纶,擅长书体,行书
简经纶,擅长书体,草书
简经纶,擅长书体,甲骨文书法
简经纶,风格特征,冲淡平和

于非闇,所处时代,现代
于非闇,籍贯,山东蓬莱
于非闇,师承,赵佶

胡小石,所处时代,现代
胡小石,籍贯,浙江嘉兴
胡小石,擅长书体,篆书
胡小石,擅长书体,隶书
胡小石,擅长书体,行书
胡小石,风格特征,古朴瘦劲
胡小石,师承,黄庭坚
胡小石,师承,王铎
胡小石,师承,何绍基
胡小石,师承,伊秉绶
胡小石,师承,沈曾植
胡小石,师承,李瑞清
胡小石,受其影响,游寿

谭泽闿,所处时代,现代
谭泽闿,籍贯,湖南茶陵
谭泽闿,擅长书体,行楷
谭泽闿,擅长书体,汉隶
谭泽闿,风格特征,雄浑跌宕
谭泽闿,师承,颜真卿
谭泽闿,师承,钱沣
谭泽闿,师承,何绍基
谭泽闿,师承,翁同龢

袁克文,所处时代,现代
袁克文,籍贯,河南项城
袁克文,擅长书体,篆书
袁克文,擅长书体,小字
袁克文,风格特征,华瞻流丽
袁克文,师承,颜真卿
袁克文,师承,褚遂良
袁克文,师承,王铎

郑诵先,所处时代,现代
郑诵先,籍贯,四川富顺
郑诵先,擅长书体,草书
郑诵先,擅长书体,章草
郑诵先,风格特征,浑厚苍茫
郑诵先,师承,王羲之
郑诵先,师承,柳公权

乔曾劬,所处时代,现代
乔曾劬,籍贯,四川华阳
乔曾劬,擅长书体,（无明确擅长书体）
乔曾劬,风格特征,平和沉静
乔曾劬,师承,王羲之
乔曾劬,师承,王献之
乔曾劬,师承,虞世南
乔曾劬,师承,褚遂良
乔曾劬,师承,徐浩
乔曾劬,师承,顾印愚

郭沫若,所处时代,现代
郭沫若,籍贯,四川乐山
郭沫若,擅长书体,行草
郭沫若,风格特征,潇洒豪迈
郭沫若,师承,王羲之
郭沫若,师承,王献之
郭沫若,师承,颜真卿

马公愚,所处时代,现代
马公愚,籍贯,浙江永嘉
马公愚,擅长书体,章草
马公愚,风格特征,工稳平实
马公愚,师承,钟繇
马公愚,师承,王羲之

吴湖帆,所处时代,现代
吴湖帆,籍贯,江苏苏州
吴湖帆,擅长书体,行楷
吴湖帆,擅长书体,草书
吴湖帆,风格特征,飞腾跳踯
吴湖帆,师承,怀素
吴湖帆,师承,赵佶
吴湖帆,师承,米芾
吴湖帆,师承,祝允明吴湖帆,师承,董其昌

容庚,所处时代,现代
容庚,籍贯,广东东莞
容庚,擅长书体,大篆
容庚,擅长书体,行楷
容庚,风格特征,浑厚凝重
容庚,师承,邓尔雅
容庚,师承,罗振玉

刘孟伉,所处时代,现代
刘孟伉,籍贯,四川云阳
刘孟伉,擅长书体,行草
刘孟伉,风格特征,雄强奇媚
刘孟伉,师承,（无明确师承）
刘孟伉,受其影响,（无明确受其影响）

溥儒,所处时代,现代
溥儒,籍贯,河北宛平
溥儒,擅长书体,楷书
溥儒,擅长书体,行书
溥儒,擅长书体,草书
溥儒,风格特征,清隽古雅
溥儒,师承,王羲之
溥儒,师承,王献之
溥儒,师承,欧阳询
溥儒,师承,怀素
溥儒,师承,孙过庭
溥儒,师承,柳公权
溥儒,师承,米芾

徐悲鸿,所处时代,现代
徐悲鸿,籍贯,江苏宜兴
徐悲鸿,擅长书体,行草
徐悲鸿,风格特征,超脱奔放
徐悲鸿,师承,康有为

潘天寿,所处时代,现代
潘天寿,籍贯,浙江宁海
潘天寿,擅长书体,隶书
潘天寿,擅长书体,行草
潘天寿,风格特征,豪迈朴茂
潘天寿,师承,钟繇
潘天寿,师承,黄道周
潘天寿,师承,倪元璐
潘天寿,师承,沈曾植
潘天寿,师承,吴昌硕
潘天寿,师承,李叔同

钱瘦铁,所处时代,现代
钱瘦铁,籍贯,江苏无锡
钱瘦铁,擅长书体,篆书
钱瘦铁,擅长书体,隶书
钱瘦铁,擅长书体,楷书
钱瘦铁,风格特征,秀逸
钱瘦铁,师承,钟繇
钱瘦铁,师承,王羲之
钱瘦铁,师承,孙过庭
钱瘦铁,师承,郑文焯
钱瘦铁,师承,吴昌硕

谢觐虞,所处时代,现代
谢觐虞,籍贯,江苏常州
谢觐虞,擅长书体,钟鼎金文
谢觐虞,风格特征,饶有金石气
谢觐虞,师承,钱振锽

丰子恺,所处时代,现代
丰子恺,籍贯,浙江桐乡石门镇
丰子恺,擅长书体,章草
丰子恺,擅长书体,行楷
丰子恺,风格特征,拙朴纯厚
丰子恺,师承,索靖

林散之,所处时代,现代
林散之,籍贯,安徽和县
林散之,擅长书体,草书
林散之,风格特征,圆转流畅
林散之,师承,王羲之
林散之,师承,怀素
林散之,师承,米芾
林散之,师承,赵孟頫
林散之,师承,董其昌
林散之,师承,祝允明
林散之,师承,王铎
林散之,师承,黄宾虹

邓散木,所处时代,现代
邓散木,籍贯,上海
邓散木,擅长书体,行草
邓散木,擅长书体,小楷
邓散木,擅长书体,隶书
邓散木,擅长书体,篆书
邓散木,风格特征,（无明确风格特征）
邓散木,师承,钟繇
邓散木,师承,伊秉绶
邓散木,师承,赵石
邓散木,师承,萧蜕
邓散木,受其影响,单晓天

朱大可,所处时代,现代
朱大可,籍贯,浙江嘉兴
朱大可,擅长书体,古籍
朱大可,风格特征,骏润丰厚
朱大可,师承,李瑞清
朱大可,师承,曾熙

张大千,所处时代,现代
张大千,籍贯,四川内江
张大千,擅长书体,章草
张大千,风格特征,跌宕豪迈
张大千,师承,曾熙
张大千,师承,李瑞清

陆维钊,所处时代,现代
陆维钊,籍贯,浙江平湖
陆维钊,擅长书体,蜾扁书
陆维钊,风格特征,深厚雄放
陆维钊,师承,王羲之
陆维钊,师承,颜真卿
陆维钊,师承,欧阳通
陆维钊,开创流派,蜾扁书

潘伯鹰,所处时代,现代
潘伯鹰,籍贯,安徽怀宁
潘伯鹰,擅长书体,楷书
潘伯鹰,擅长书体,行书
潘伯鹰,擅长书体,草书
潘伯鹰,风格特征,工整秀雅
潘伯鹰,师承,王羲之
潘伯鹰,师承,孙过庭
潘伯鹰,师承,褚遂良
潘伯鹰,师承,赵孟頫

吴子复,所处时代,现代
吴子复,籍贯,广东四会
吴子复,擅长书体,隶书
吴子复,擅长书体,行书
吴子复,风格特征,遒劲古雅
吴子复,开创流派,吴隶

沙孟海,所处时代,现代
沙孟海,籍贯,浙江鄞县
沙孟海,擅长书体,草书
沙孟海,风格特征,雄强豪放
沙孟海,师承,颜真卿
沙孟海,师承,苏轼
沙孟海,师承,黄道周
沙孟海,师承,倪元璐
沙孟海,师承,沈曾植
沙孟海,师承,吴昌硕
沙孟海,师承,梅调鼎
沙孟海,师承,钱罕
沙孟海,师承,冯君木

陶博吾,所处时代,现代
陶博吾,籍贯,江西彭泽
陶博吾,擅长书体,大篆
陶博吾,擅长书体,行书
陶博吾,风格特征,跌宕沉雄
陶博吾,师承,吴昌硕

朱复戡,所处时代,现代
朱复戡,籍贯,浙江鄞县
朱复戡,擅长书体,篆书
朱复戡,擅长书体,楷书
朱复戡,风格特征,刚健峻拔
朱复戡,师承,吴昌硕

王蘧常,所处时代,现代
王蘧常,籍贯,浙江嘉兴
王蘧常,擅长书体,章草
王蘧常,风格特征,遒健古厚
王蘧常,师承,索靖
王蘧常,师承,张芝
王蘧常,师承,沈曾植

萧娴,所处时代,现代
萧娴,籍贯,贵州贵阳
萧娴,擅长书体,篆书
萧娴,擅长书体,隶书
萧娴,擅长书体,楷书
萧娴,风格特征,沉雄高古
萧娴,师承,康有为

诸乐三,所处时代,现代
诸乐三,籍贯,浙江安吉
诸乐三,擅长书体,石鼓文
诸乐三,风格特征,老辣劲健
诸乐三,师承,钟繇
诸乐三,师承,王铎
诸乐三,师承,傅山
诸乐三,师承,黄道周
诸乐三,师承,杨沂孙
诸乐三,师承,吴昌硕

来楚生,所处时代,现代
来楚生,籍贯,浙江萧山
来楚生,擅长书体,隶书
来楚生,擅长书体,草书
来楚生,风格特征,奇峭方劲
来楚生,师承,黄道周
来楚生,师承,金农
来楚生,师承,郑簠

费新我,所处时代,现代
费新我,籍贯,浙江湖州
费新我,擅长书体,行草
费新我,风格特征,潇洒奇拙
费新我,师承,（无明确师承）
费新我,受其影响,（无明确受其影响）

高二适,所处时代,现代
高二适,籍贯,江苏东台
高二适,擅长书体,草书
高二适,擅长书体,章草
高二适,擅长书体,隶书
高二适,风格特征,盘硬
高二适,师承,宋克

钱君匋,所处时代,现代
钱君匋,籍贯,浙江桐乡
钱君匋,擅长书体,篆书
钱君匋,擅长书体,隶书
钱君匋,擅长书体,魏碑
钱君匋,擅长书体,草书
钱君匋,风格特征,跌宕生姿
钱君匋,师承,张旭
钱君匋,师承,怀素
钱君匋,师承,邓石如
钱君匋,师承,吴让之
钱君匋,师承,赵之谦
钱君匋,师承,丰子恺

游寿,所处时代,现代
游寿,籍贯,福建霞浦
游寿,擅长书体,篆书
游寿,擅长书体,隶书
游寿,擅长书体,楷书
游寿,擅长书体,行书
游寿,风格特征,朴拙苍健
游寿,师承,胡小石

白蕉,所处时代,现代
白蕉,籍贯,上海金山
白蕉,擅长书体,行草
白蕉,风格特征,纵逸萧散
白蕉,师承,钟繇
白蕉,师承,王羲之
白蕉,师承,王献之

余任天,所处时代,现代
余任天,籍贯,浙江诸暨
余任天,擅长书体,草书
余任天,风格特征,气势宏大
余任天,师承,张旭
余任天,师承,怀素
余任天,师承,陈洪绶

谢稚柳,所处时代,现代
谢稚柳,籍贯,江苏常州
谢稚柳,擅长书体,行草
谢稚柳,风格特征,端庄凝重
谢稚柳,师承,张旭
谢稚柳,师承,怀素
谢稚柳,师承,陈洪绶
谢稚柳,师承,钱振锽

启功,所处时代,现代
启功,籍贯,北京
启功,擅长书体,行草
启功,风格特征,清润渊雅
启功,师承,王羲之
启功,师承,王献之
启功,师承,颜真卿
启功,师承,褚遂良
启功,师承,米芾
启功,师承,赵孟頫
启功,师承,董其昌